--
-- Script was generated by Devart dbForge Studio 2019 for MySQL, Version 8.2.23.0
-- Product home page: http://www.devart.com/dbforge/mysql/studio
-- Script date 7/5/2022 7:17:31 PM
-- Server version: 5.5.5-10.3.18-MariaDB
-- Client version: 4.1
--

-- 
-- Disable foreign keys
-- 
/*!40014 SET @OLD_FOREIGN_KEY_CHECKS=@@FOREIGN_KEY_CHECKS, FOREIGN_KEY_CHECKS=0 */;

-- 
-- Set SQL mode
-- 
/*!40101 SET @OLD_SQL_MODE=@@SQL_MODE, SQL_MODE='NO_AUTO_VALUE_ON_ZERO' */;

-- 
-- Set character set the client will use to send SQL statements to the server
--
SET NAMES 'utf8';

--
-- Set default database
--
USE `misa.gd2.lntgiang`;

--
-- Drop procedure `Proc_MaterialGetPagging`
--
DROP PROCEDURE IF EXISTS Proc_MaterialGetPagging;

--
-- Drop table `number`
--
DROP TABLE IF EXISTS number;

--
-- Drop procedure `Proc_GetNewMaterialCode`
--
DROP PROCEDURE IF EXISTS Proc_GetNewMaterialCode;

--
-- Drop function `FIND_FIRST_NUMBER_IN_STRING`
--
DROP FUNCTION IF EXISTS FIND_FIRST_NUMBER_IN_STRING;

--
-- Drop procedure `Proc_GetUnitConversionByMaterialId`
--
DROP PROCEDURE IF EXISTS Proc_GetUnitConversionByMaterialId;

--
-- Drop procedure `Proc_MasterDataGetByGroupId`
--
DROP PROCEDURE IF EXISTS Proc_MasterDataGetByGroupId;

--
-- Drop procedure `Proc_MaterialGetById`
--
DROP PROCEDURE IF EXISTS Proc_MaterialGetById;

--
-- Drop table `systemmasterdata`
--
DROP TABLE IF EXISTS systemmasterdata;

--
-- Drop procedure `Proc_DeleteMaterials`
--
DROP PROCEDURE IF EXISTS Proc_DeleteMaterials;

--
-- Drop procedure `Proc_MaterialInsert`
--
DROP PROCEDURE IF EXISTS Proc_MaterialInsert;

--
-- Drop procedure `Proc_MaterialUpdate`
--
DROP PROCEDURE IF EXISTS Proc_MaterialUpdate;

--
-- Drop table `unitconversion`
--
DROP TABLE IF EXISTS unitconversion;

--
-- Drop procedure `Proc_CheckMaterialCode`
--
DROP PROCEDURE IF EXISTS Proc_CheckMaterialCode;

--
-- Drop table `material`
--
DROP TABLE IF EXISTS material;

--
-- Set default database
--
USE `misa.gd2.lntgiang`;

--
-- Create table `material`
--
CREATE TABLE material (
  MaterialId char(36) NOT NULL COMMENT 'Id của nguyên vật liệu',
  MaterialCode varchar(20) DEFAULT NULL COMMENT 'Mã nguyên vật liệu',
  MaterialName varchar(255) DEFAULT NULL COMMENT 'Tên nguyên vật liệu',
  UnitId char(36) DEFAULT NULL COMMENT 'Id của đơn vị tính',
  StockId char(36) DEFAULT NULL COMMENT 'Id của kho',
  MinimumStock int(11) DEFAULT NULL COMMENT 'Số lượng tồn kho tối thiểu',
  Description varchar(255) DEFAULT NULL COMMENT 'Mô tả',
  Expiry date DEFAULT NULL COMMENT 'Hạn sử dụng',
  CreatedBy char(36) DEFAULT NULL COMMENT 'Người tạo',
  CreatedDate datetime DEFAULT NULL COMMENT 'Thời gian tạo',
  ModifiedBy char(36) DEFAULT NULL COMMENT 'Người chỉnh sửa cuối cùng',
  ModifiedDate datetime DEFAULT NULL COMMENT 'Thời gian sửa cuối cùng',
  PRIMARY KEY (MaterialId)
)
ENGINE = INNODB,
AVG_ROW_LENGTH = 346,
CHARACTER SET utf8,
COLLATE utf8_general_ci,
COMMENT = 'Bảng nguyên vật liệu';

DELIMITER $$

--
-- Create procedure `Proc_CheckMaterialCode`
--
CREATE DEFINER = 'root'@'localhost'
PROCEDURE Proc_CheckMaterialCode (IN ms_MaterialId char(36), IN ms_MaterialCode varchar(20))
BEGIN
  SELECT
    COUNT(1)
  FROM material m
  WHERE m.MaterialId != ms_MaterialId
  AND m.MaterialCode = ms_MaterialCode;
END
$$

DELIMITER ;

--
-- Create table `unitconversion`
--
CREATE TABLE unitconversion (
  UnitConversionId char(36) NOT NULL COMMENT 'Id của đơn vị chuyển đổi',
  UnitId char(36) DEFAULT NULL COMMENT 'id của đơn vị tính',
  MaterialId char(36) DEFAULT NULL COMMENT 'id của nguyên vật liệu',
  ConversionRate int(11) DEFAULT NULL COMMENT 'Tỷ lệ chuyển đổi',
  Calculation int(11) DEFAULT NULL COMMENT 'Phép toán',
  CreatedAt char(36) DEFAULT NULL,
  CreatedDate datetime DEFAULT NULL,
  ModifiedAt char(36) DEFAULT NULL,
  ModifiedDate datetime DEFAULT NULL,
  PRIMARY KEY (UnitConversionId)
)
ENGINE = INNODB,
AVG_ROW_LENGTH = 229,
CHARACTER SET utf8,
COLLATE utf8_general_ci,
COMMENT = 'Đơn vị chuyển đổi';

--
-- Create foreign key
--
ALTER TABLE unitconversion
ADD CONSTRAINT FK_unitconversion_MaterialId FOREIGN KEY (MaterialId)
REFERENCES material (MaterialId) ON DELETE NO ACTION;

DELIMITER $$

--
-- Create procedure `Proc_MaterialUpdate`
--
CREATE DEFINER = 'root'@'localhost'
PROCEDURE Proc_MaterialUpdate (IN ms_MaterialId char(36), IN ms_Material json, IN ms_UnitConversion json)
BEGIN

  UPDATE material m
  SET m.MaterialCode = IF(JSON_VALUE(ms_Material, '$.MaterialCode') != 'null', JSON_VALUE(ms_Material, '$.MaterialCode'), NULL),
      m.MaterialName = IF(JSON_VALUE(ms_Material, '$.MaterialName') != 'null', JSON_VALUE(ms_Material, '$.MaterialName'), NULL),
      m.UnitId = IF(JSON_VALUE(ms_Material, '$.UnitId') != 'null', JSON_VALUE(ms_Material, '$.UnitId'), NULL),
      m.StockId = IF(JSON_VALUE(ms_Material, '$.StockId') != 'null', JSON_VALUE(ms_Material, '$.StockId'), NULL),
      m.Expiry = IF(JSON_VALUE(ms_Material, '$.Expiry') != 'null', SUBSTRING((JSON_VALUE(ms_Material, '$.Expiry')), 1, 10), NULL),
      m.MinimumStock = CAST(JSON_VALUE(ms_Material, CONCAT('$.MinimumStock')) AS int),
      m.Description = IF(JSON_VALUE(ms_Material, '$.Description') != 'null', JSON_VALUE(ms_Material, '$.Description'), NULL),
      m.ModifiedDate = NOW()
  WHERE m.MaterialId = ms_MaterialId;

  CREATE TEMPORARY TABLE TempUnitConversions (
    UnitConversionId char(36) NOT NULL,
    UnitId char(36) DEFAULT NULL,
    MaterialId char(36) DEFAULT NULL,
    ConversionRate int(11) DEFAULT NULL,
    Calculation int(11) DEFAULT NULL,
    Mode int(11) DEFAULT NULL
  );

  INSERT INTO TempUnitConversions (UnitConversionId, UnitId, MaterialId, ConversionRate, Calculation, Mode)
    SELECT
      JSON_VALUE(ms_UnitConversion, CONCAT('$[', n.number, '].UnitConversionId')) AS UnitConversionId,
      IF(JSON_VALUE(ms_UnitConversion, CONCAT('$[', n.number, '].UnitId')) != 'null', JSON_VALUE(ms_UnitConversion, CONCAT('$[', n.number, '].UnitId')), NULL) AS UnitId,
      @materialId,
      IF(JSON_VALUE(ms_UnitConversion, CONCAT('$[', n.number, '].ConversionRate')) != 'null', JSON_VALUE(ms_UnitConversion, CONCAT('$[', n.number, '].ConversionRate')), NULL) AS ConversionRate,
      IF(JSON_VALUE(ms_UnitConversion, CONCAT('$[', n.number, '].Calculation')) != 'null', JSON_VALUE(ms_UnitConversion, CONCAT('$[', n.number, '].Calculation')), NULL) AS Calculation,
      JSON_VALUE(ms_UnitConversion, CONCAT('$[', n.number, '].Mode')) AS Mode
    FROM number n
    WHERE n.number < JSON_LENGTH(ms_UnitConversion);

  # Thêm mới
  INSERT INTO unitconversion (UnitConversionId, UnitId, MaterialId, ConversionRate, Calculation, CreatedDate)
    SELECT
      UUID(),
      tuc.UnitId,
      ms_MaterialId,
      tuc.ConversionRate,
      tuc.Calculation,
      NOW()
    FROM TempUnitConversions tuc
    WHERE tuc.Mode = 1;

  # Sửa
  UPDATE unitconversion u
  JOIN TempUnitConversions tuc
    ON u.UnitConversionId = tuc.UnitConversionId
  SET u.UnitId = tuc.UnitId,
      u.ConversionRate = tuc.ConversionRate,
      u.Calculation = tuc.Calculation
  WHERE tuc.Mode = 2;

  #Xóa
  DELETE
    FROM unitconversion
  WHERE EXISTS (SELECT
        1
      FROM TempUnitConversions tuc
      WHERE unitconversion.UnitConversionId = tuc.UnitConversionId
      AND tuc.Mode = 3);

  DROP TEMPORARY TABLE IF EXISTS TempUnitConversions;

END
$$

--
-- Create procedure `Proc_MaterialInsert`
--
CREATE DEFINER = 'root'@'localhost'
PROCEDURE Proc_MaterialInsert (IN ms_Material text, IN ms_UnitConversion json)
BEGIN
  SET @mateialId = '';
  INSERT INTO material (MaterialId, MaterialCode, MaterialName, UnitId, StockId, Expiry, MinimumStock, Description, CreatedDate)
    SELECT
      @materialId := UUID() AS MaterialId,
      IF(JSON_VALUE(ms_Material, '$.MaterialCode') != 'null', JSON_VALUE(ms_Material, '$.MaterialCode'), NULL) AS MaterialCode,
      IF(JSON_VALUE(ms_Material, '$.MaterialName') != 'null', JSON_VALUE(ms_Material, '$.MaterialName'), NULL) AS MaterialName,
      IF(JSON_VALUE(ms_Material, '$.UnitId') != 'null', JSON_VALUE(ms_Material, '$.UnitId'), NULL) AS UnitId,
      IF(JSON_VALUE(ms_Material, '$.StockId') != 'null', JSON_VALUE(ms_Material, '$.StockId'), NULL) AS StockId,
      IF(JSON_VALUE(ms_Material, '$.Expiry') != 'null', SUBSTRING((JSON_VALUE(ms_Material, '$.Expiry')), 1, 10), NULL) AS Expiry,
      CAST(JSON_VALUE(ms_Material, '$.MinimumStock') AS int) AS MinimumStock,
      IF(JSON_VALUE(ms_Material, '$.Description') != 'null', JSON_VALUE(ms_Material, '$.Description'), NULL) AS Description,
      NOW();

  INSERT INTO unitconversion (UnitConversionId, UnitId, MaterialId, ConversionRate, Calculation, CreatedDate)
    SELECT
      UUID(),
      IF(JSON_VALUE(ms_UnitConversion, CONCAT('$[', n.number, '].UnitId')) != 'null', JSON_VALUE(ms_UnitConversion, CONCAT('$[', n.number, '].UnitId')), NULL) AS UnitId,
      @materialId,
      IF(JSON_VALUE(ms_UnitConversion, CONCAT('$[', n.number, '].ConversionRate')) != 'null', JSON_VALUE(ms_UnitConversion, CONCAT('$[', n.number, '].ConversionRate')), NULL) AS ConversionRate,
      IF(JSON_VALUE(ms_UnitConversion, CONCAT('$[', n.number, '].Calculation')) != 'null', JSON_VALUE(ms_UnitConversion, CONCAT('$[', n.number, '].Calculation')), NULL) AS Calculation,
      NOW()
    FROM number n
    WHERE n.number < JSON_LENGTH(ms_UnitConversion);
END
$$

--
-- Create procedure `Proc_DeleteMaterials`
--
CREATE DEFINER = 'root'@'localhost'
PROCEDURE Proc_DeleteMaterials (IN ms_MaterialIds text)
BEGIN
  DELETE
    FROM unitconversion
  WHERE FIND_IN_SET(MaterialId, ms_MaterialIds);
  DELETE
    FROM material
  WHERE FIND_IN_SET(MaterialId, ms_MaterialIds);
END
$$

DELIMITER ;

--
-- Create table `systemmasterdata`
--
CREATE TABLE systemmasterdata (
  DataId char(36) NOT NULL COMMENT 'Id của dữ liệu',
  DataName varchar(255) DEFAULT NULL COMMENT 'Tên dữ liệu',
  GroupId char(36) DEFAULT NULL COMMENT 'Nhóm dữ liệu',
  CreatedAt char(36) DEFAULT NULL COMMENT 'Người tạo',
  CreatedDate datetime DEFAULT NULL COMMENT 'Thời gian tạo',
  ModifiedAt char(36) DEFAULT NULL COMMENT 'Người sửa cuối cùng',
  ModifiedDate datetime DEFAULT NULL COMMENT 'Thời gian sửa cuối cùng',
  PRIMARY KEY (DataId)
)
ENGINE = INNODB,
AVG_ROW_LENGTH = 963,
CHARACTER SET utf8,
COLLATE utf8_general_ci,
COMMENT = 'BẢng chỉ mục';

DELIMITER $$

--
-- Create procedure `Proc_MaterialGetById`
--
CREATE DEFINER = 'root'@'localhost'
PROCEDURE Proc_MaterialGetById (IN ms_MaterialId char(36))
BEGIN
  SELECT
    m.*,
    s.DataName AS UnitName,
    s1.DataName AS StockName
  FROM material m
    LEFT JOIN systemmasterdata s
      ON m.UnitId = s.DataId
    LEFT JOIN systemmasterdata s1
      ON m.StockId = s.DataId
  WHERE m.MaterialId = ms_MaterialId;
END
$$

--
-- Create procedure `Proc_MasterDataGetByGroupId`
--
CREATE DEFINER = 'root'@'localhost'
PROCEDURE Proc_MasterDataGetByGroupId (IN ms_GroupId char(36))
BEGIN
  SELECT
    *
  FROM systemmasterdata s
  WHERE s.GroupId = ms_GroupId;
END
$$

--
-- Create procedure `Proc_GetUnitConversionByMaterialId`
--
CREATE DEFINER = 'root'@'localhost'
PROCEDURE Proc_GetUnitConversionByMaterialId (IN ms_MaterialId char(36))
BEGIN
  SELECT
    u.*,
    s.DataName AS UnitName
  FROM unitconversion u
    LEFT JOIN systemmasterdata s
      ON u.UnitId = s.DataId
  WHERE u.MaterialId = ms_MaterialId;
END
$$

--
-- Create function `FIND_FIRST_NUMBER_IN_STRING`
--
CREATE DEFINER = 'root'@'localhost'
FUNCTION FIND_FIRST_NUMBER_IN_STRING (ms_String varchar(255))
RETURNS int(11)
BEGIN
  DECLARE ctrNumber varchar(50);
  DECLARE resNumber varchar(50) DEFAULT '';
  DECLARE sChar varchar(1);
  DECLARE ms_index integer DEFAULT 1;
  DECLARE length integer DEFAULT 1;
  DECLARE startNumber integer DEFAULT 0;
  SET length = LENGTH(ms_String);

  IF length > 0 THEN
    WHILE (ms_index <= length) DO
      SET sChar = SUBSTRING(ms_String, ms_index, 1);
      SET ctrNumber = FIND_IN_SET(sChar, '0,1,2,3,4,5,6,7,8,9');
      IF ctrNumber > 0 THEN
        SET startNumber = 1;
        SET resNumber = CONCAT(resNumber, sChar);
      ELSEIF startNumber = 1 THEN
        IF LENGTH(resNumber) = 0 THEN
          RETURN 0;
        END IF;
        RETURN CAST(resNumber AS int);
      END IF;
      SET ms_index = ms_index + 1;
    END WHILE;
    IF LENGTH(resNumber) = 0 THEN
      RETURN 0;
    END IF;
    RETURN CAST(resNumber AS int);
  ELSE
    RETURN 0;
  END IF;
  RETURN 1;
END
$$

--
-- Create procedure `Proc_GetNewMaterialCode`
--
CREATE DEFINER = 'root'@'localhost'
PROCEDURE Proc_GetNewMaterialCode ()
BEGIN
  SELECT
    (FIND_FIRST_NUMBER_IN_STRING(m.MaterialCode) + 1) AS MaterialCode
  FROM material m
  ORDER BY FIND_FIRST_NUMBER_IN_STRING(m.MaterialCode) DESC
  LIMIT 1;
END
$$

DELIMITER ;

--
-- Create table `number`
--
CREATE TABLE number (
  number int(11) NOT NULL
)
ENGINE = INNODB,
AVG_ROW_LENGTH = 65,
CHARACTER SET utf8,
COLLATE utf8_general_ci,
COMMENT = 'Bảng số thứ tự ';

DELIMITER $$

--
-- Create procedure `Proc_MaterialGetPagging`
--
CREATE DEFINER = 'root'@'localhost'
PROCEDURE Proc_MaterialGetPagging(IN ms_PageSize INT, IN ms_Skip INT, IN ms_MaterialFilter VARCHAR(255), OUT ms_TotalRecord INT)
BEGIN
  SET @sql = CONCAT('SELECT count INTO @TotalRecord FROM (SELECT COUNT(1) count FROM material m WHERE 1 = 1 ', ms_MaterialFilter,') as tb;');
  PREPARE stmt FROM @sql;
  EXECUTE stmt;
  DEALLOCATE PREPARE stmt;
  
  SET ms_TotalRecord := @ToTalRecord;
  SET @sql = CONCAT(' SELECT m.*, s.DataName AS UnitName, s1.DataName AS StockName
                      FROM material m LEFT JOIN systemmasterdata s ON m.UnitId = s.DataId 
                                    LEFT JOIN systemmasterdata s1 ON m.StockId = s1.DataId
                      WHERE 1 = 1 ', ms_MaterialFilter,'
                      ORDER BY m.CreatedDate DESC LIMIT ? OFFSET ?;');
  
  PREPARE stmt FROM @sql;
  EXECUTE stmt USING ms_PageSize, ms_Skip;
  DEALLOCATE PREPARE stmt;
END
$$

DELIMITER ;

-- 
-- Dumping data for table material
--
INSERT INTO material VALUES
('0b243c1e-bc8f-11ec-a6c2-6ee638634b4c', 'BGM99817', 'Bột Giặt Momo', '58a7e4eb-bc8c-11ec-a6c2-6ee638634b4c', '75cce5a6-4f7f-3671-3cf3-eb0223d0a4f7', 123, '1Kg/1 gói', '2022-04-15', NULL, '2022-04-15 14:38:15', NULL, NULL),
('0eb1d49b-beb6-11ec-a5ac-6bd8fc6506eb', 'BC99822', 'Bột canh', '58a7e4eb-bc8c-11ec-a6c2-6ee638634b4c', '75cce5a6-4f7f-3671-3cf3-eb0223d0a4f7', 1000, 'bột canh iot', '2024-12-30', NULL, '2022-04-18 08:22:40', NULL, '2022-04-19 10:34:36'),
('11452b0c-768e-5ff7-0d63-eeb1d8ed8cef', 'NVL-04419', 'Felisa221', '35e773ea-5d44-2dda-26a8-6d513e380bde', '7c48a057-3c21-3db0-06a4-60fcae00630c', 931, 'Ghi chú nguyên vật liệu', '2025-02-16', NULL, NULL, NULL, '2022-04-18 11:41:24'),
('1152da18-24d8-65b6-0380-e8e2a817c80e', 'NVL-84478', 'Cornell6', '35e773ea-5d44-2dda-26a8-6d513e380bde', '7c48a057-3c21-3db0-06a4-60fcae00630c', 604, 'Ghi chú nguyên vật liệu', '2022-04-16', NULL, NULL, NULL, '2022-04-18 11:41:30'),
('1178ab41-2593-3f9f-b690-67245e8b283e', 'NVL-67577', 'Meyer2029', '35e773ea-5d44-2dda-26a8-6d513e380bde', '7c48a057-3c21-3db0-06a4-60fcae00630c', 862, 'Ghi chú nguyên vật liệu', NULL, NULL, NULL, NULL, NULL),
('11818360-1f97-5745-ae90-67245e8b283e', 'NVL-57066', 'Reba1987', '35e773ea-5d44-2dda-26a8-6d513e380bde', '7c48a057-3c21-3db0-06a4-60fcae00630c', 415, 'Ghi chú nguyên vật liệu', '2024-03-08', NULL, NULL, NULL, '2022-04-18 11:41:36'),
('1192dfdf-5295-4fea-c090-67245e8b283e', 'NVL-12250', 'Maricela348', '35e773ea-5d44-2dda-26a8-6d513e380bde', '7c48a057-3c21-3db0-06a4-60fcae00630c', 980, 'Ghi chú nguyên vật liệu', NULL, NULL, NULL, NULL, NULL),
('119af01c-406e-1565-a77d-e8c757976496', 'NVL-41966', 'Cecil976', '35e773ea-5d44-2dda-26a8-6d513e380bde', '7c48a057-3c21-3db0-06a4-60fcae00630c', 802, 'Ghi chú nguyên vật liệu', '2024-07-10', NULL, NULL, NULL, '2022-04-18 11:41:44'),
('11cd6c27-3e66-2a12-b890-67245e8b283e', 'NVL-05932', 'Hildegard2019', '35e773ea-5d44-2dda-26a8-6d513e380bde', '7c4f14d8-66fb-14ae-198f-6354f958f4c0', 361, 'Ghi chú nguyên vật liệu', '2024-02-15', NULL, NULL, NULL, '2022-04-15 14:02:43'),
('11d3a988-30ea-2b1d-0818-7000f455f3d5', 'NVL-51357', 'Addie3', '35e773ea-5d44-2dda-26a8-6d513e380bde', '78aafe4a-67a7-2076-3bf3-eb0223d0a4f7', 683, 'Ghi chú nguyên vật liệu', '2022-04-18', NULL, NULL, NULL, '2022-04-15 14:02:39'),
('11f7089b-33e6-371a-f817-7000f455f3d5', 'NVL-44520', 'Suarez82', '35e773ea-5d44-2dda-26a8-6d513e380bde', '7c48a057-3c21-3db0-06a4-60fcae00630c', 234, 'Ghi chú nguyên vật liệu', '2024-03-29', NULL, NULL, NULL, NULL),
('11f73df2-53f3-6847-a532-6a1673ffca7c', 'NVL-58086', 'Delmar1987', '35e773ea-5d44-2dda-26a8-6d513e380bde', '7c4f14d8-66fb-14ae-198f-6354f958f4c0', 83, 'Ghi chú nguyên vật liệu', '2022-12-07', NULL, NULL, NULL, '2022-04-15 14:02:54'),
('120d13fc-4255-5ea2-d6db-e5d54223c257', 'NVL-30451', 'Cristal3', '35e773ea-5d44-2dda-26a8-6d513e380bde', '78aafe4a-67a7-2076-3bf3-eb0223d0a4f7', 443, 'Ghi chú nguyên vật liệu', '2024-08-16', NULL, NULL, NULL, '2022-04-19 09:16:18'),
('124b4a06-7d39-6835-0980-e8e2a817c80e', 'NVL-03504', 'Ula889', '35e773ea-5d44-2dda-26a8-6d513e380bde', '7c48a057-3c21-3db0-06a4-60fcae00630c', 283, 'Ghi chú nguyên vật liệu', '2025-03-25', NULL, NULL, NULL, NULL),
('12b03912-3779-2c62-2b63-eeb1d8ed8cef', 'NVL-42768', 'Abraham4', '35e773ea-5d44-2dda-26a8-6d513e380bde', '7c48a057-3c21-3db0-06a4-60fcae00630c', 701, 'Ghi chú nguyên vật liệu', '2023-06-07', NULL, NULL, NULL, NULL),
('135e72be-6cdf-5311-a47d-e8c757976496', 'NVL-36072', 'Acker1992', '35e773ea-5d44-2dda-26a8-6d513e380bde', '7c48a057-3c21-3db0-06a4-60fcae00630c', 71, 'Ghi chú nguyên vật liệu', '2024-04-08', NULL, NULL, NULL, NULL),
('13a41285-2359-6e4d-7e92-08c864661f9c', 'NVL-43695', 'Strange2018', '35e773ea-5d44-2dda-26a8-6d513e380bde', '75cce5a6-4f7f-3671-3cf3-eb0223d0a4f7', 29, 'Ghi chú nguyên vật liệu', '2025-01-08', NULL, NULL, NULL, '2022-04-15 14:02:47'),
('13db6fdb-6b0e-26f2-8edd-867949feb8b5', 'NVL-27160', 'Malcom2028', '35e773ea-5d44-2dda-26a8-6d513e380bde', '7c48a057-3c21-3db0-06a4-60fcae00630c', 673, 'Ghi chú nguyên vật liệu', '2022-07-02', NULL, NULL, NULL, NULL),
('13fc3540-52b5-3489-1163-eeb1d8ed8cef', 'NVL-75111', 'Carlo2014', '35e773ea-5d44-2dda-26a8-6d513e380bde', '7c48a057-3c21-3db0-06a4-60fcae00630c', 960, 'Ghi chú nguyên vật liệu', '2023-09-05', NULL, NULL, NULL, NULL),
('140c4409-3770-4d24-ba90-67245e8b283e', 'NVL-85743', 'Payton2022', '35e773ea-5d44-2dda-26a8-6d513e380bde', '7c48a057-3c21-3db0-06a4-60fcae00630c', 659, 'Ghi chú nguyên vật liệu', '2022-04-18', NULL, NULL, NULL, NULL),
('141eea25-7b62-62de-8832-6a1673ffca7c', 'NVL-70854', 'Casey2021', '35e773ea-5d44-2dda-26a8-6d513e380bde', '7c48a057-3c21-3db0-06a4-60fcae00630c', 90, 'Ghi chú nguyên vật liệu', NULL, NULL, NULL, NULL, NULL),
('142cb08f-7c31-21fa-8e90-67245e8b283e', 'NVL-59861', 'Letha241', '35e773ea-5d44-2dda-26a8-6d513e380bde', '7c48a057-3c21-3db0-06a4-60fcae00630c', 432, 'Ghi chú nguyên vật liệu', '2023-06-21', NULL, NULL, NULL, NULL),
('14672f47-7abc-2316-a97d-e8c757976496', 'NVL-76486', 'Francesco2026', '35e773ea-5d44-2dda-26a8-6d513e380bde', '7c48a057-3c21-3db0-06a4-60fcae00630c', 569, 'Ghi chú nguyên vật liệu', '2022-12-31', NULL, NULL, NULL, NULL),
('14cee37e-3a57-4928-ac90-67245e8b283e', 'NVL-72813', 'Langdon1957', '35e773ea-5d44-2dda-26a8-6d513e380bde', '7c48a057-3c21-3db0-06a4-60fcae00630c', 281, 'Ghi chú nguyên vật liệu', '2022-06-03', NULL, NULL, NULL, NULL),
('156a4794-7a9b-5c3e-2bcb-66948daf6128', 'NVL-83542', 'Rico2023', '35e773ea-5d44-2dda-26a8-6d513e380bde', '7c48a057-3c21-3db0-06a4-60fcae00630c', 915, 'Ghi chú nguyên vật liệu', '2022-09-25', NULL, NULL, NULL, NULL),
('159268a1-7e47-6b20-1618-7000f455f3d5', 'NVL-59723', 'Bowman446', '35e773ea-5d44-2dda-26a8-6d513e380bde', '7c48a057-3c21-3db0-06a4-60fcae00630c', 183, 'Ghi chú nguyên vật liệu', NULL, NULL, NULL, NULL, NULL),
('1599fa50-7415-707f-8092-08c864661f9c', 'NVL-74506', 'Amado1967', '35e773ea-5d44-2dda-26a8-6d513e380bde', '7c48a057-3c21-3db0-06a4-60fcae00630c', 45, 'Ghi chú nguyên vật liệu', '2023-05-17', NULL, NULL, NULL, NULL),
('15fb79ad-271b-30eb-8f32-6a1673ffca7c', 'NVL-55215', 'Kyle1991', '35e773ea-5d44-2dda-26a8-6d513e380bde', '7c48a057-3c21-3db0-06a4-60fcae00630c', 629, 'Ghi chú nguyên vật liệu', '2024-12-24', NULL, NULL, NULL, NULL),
('161a4ff9-2338-1790-1c63-eeb1d8ed8cef', 'NVL-17014', 'Barnhart38', '35e773ea-5d44-2dda-26a8-6d513e380bde', '7c48a057-3c21-3db0-06a4-60fcae00630c', 446, 'Ghi chú nguyên vật liệu', '2022-09-30', NULL, NULL, NULL, NULL),
('16404eb2-7191-78a5-38cb-66948daf6128', 'NVL-33503', 'Yaeko1978', '35e773ea-5d44-2dda-26a8-6d513e380bde', '7c48a057-3c21-3db0-06a4-60fcae00630c', 791, 'Ghi chú nguyên vật liệu', NULL, NULL, NULL, NULL, NULL),
('167685bd-6c69-7ce9-c7db-e5d54223c257', 'NVL-95980', 'Ervin753', '35e773ea-5d44-2dda-26a8-6d513e380bde', '7c48a057-3c21-3db0-06a4-60fcae00630c', 982, 'Ghi chú nguyên vật liệu', '2023-09-18', NULL, NULL, NULL, NULL),
('16983638-3e2f-6d24-b590-67245e8b283e', 'NVL-86800', 'Applegate2024', '35e773ea-5d44-2dda-26a8-6d513e380bde', '7c48a057-3c21-3db0-06a4-60fcae00630c', 327, 'Ghi chú nguyên vật liệu', '2023-11-11', NULL, NULL, NULL, NULL),
('16d64573-7d44-18a4-2acb-66948daf6128', 'NVL-32528', 'Shanice16', '35e773ea-5d44-2dda-26a8-6d513e380bde', '7c48a057-3c21-3db0-06a4-60fcae00630c', 954, 'Ghi chú nguyên vật liệu', '2022-10-20', NULL, NULL, NULL, NULL),
('16dbee65-247d-287a-ca7d-e8c757976496', 'NVL-72570', 'Abby695', '35e773ea-5d44-2dda-26a8-6d513e380bde', '7c48a057-3c21-3db0-06a4-60fcae00630c', 557, 'Ghi chú nguyên vật liệu', '2023-01-25', NULL, NULL, NULL, NULL),
('17120d02-6ab5-3e43-18cb-66948daf6128', 'NVL-76422', 'Kathern49', '35e773ea-5d44-2dda-26a8-6d513e380bde', '7c48a057-3c21-3db0-06a4-60fcae00630c', 873, 'Ghi chú nguyên vật liệu', '2024-02-20', NULL, NULL, NULL, NULL),
('1721a9d1-4255-55c4-a0dd-867949feb8b5', 'NVL-18402', 'Rosio1977', '35e773ea-5d44-2dda-26a8-6d513e380bde', '7c48a057-3c21-3db0-06a4-60fcae00630c', 247, 'Ghi chú nguyên vật liệu', '2022-04-17', NULL, NULL, NULL, NULL),
('1749d5e5-19d8-6673-bd90-67245e8b283e', 'NVL-28664', 'Cyndi6', '35e773ea-5d44-2dda-26a8-6d513e380bde', '7c48a057-3c21-3db0-06a4-60fcae00630c', 338, 'Ghi chú nguyên vật liệu', '2023-08-30', NULL, NULL, NULL, NULL),
('176a5ef0-6a1f-5178-7292-08c864661f9c', 'NVL-60255', 'Kevin2001', '35e773ea-5d44-2dda-26a8-6d513e380bde', '7c48a057-3c21-3db0-06a4-60fcae00630c', 408, 'Ghi chú nguyên vật liệu', '2022-07-23', NULL, NULL, NULL, NULL),
('1785d6d7-5898-2235-a17d-e8c757976496', 'NVL-52216', 'Julius553', '35e773ea-5d44-2dda-26a8-6d513e380bde', '7c48a057-3c21-3db0-06a4-60fcae00630c', 14, 'Ghi chú nguyên vật liệu', '2024-04-18', NULL, NULL, NULL, NULL),
('179d5bc0-2405-67f7-9590-67245e8b283e', 'NVL-36333', 'Garland194', '35e773ea-5d44-2dda-26a8-6d513e380bde', '7c48a057-3c21-3db0-06a4-60fcae00630c', 939, 'Ghi chú nguyên vật liệu', '2023-09-07', NULL, NULL, NULL, NULL),
('17b66e25-1eac-2d4a-af90-67245e8b283e', 'NVL-39841', 'Vogel2014', '35e773ea-5d44-2dda-26a8-6d513e380bde', '7c48a057-3c21-3db0-06a4-60fcae00630c', 596, 'Ghi chú nguyên vật liệu', '2022-11-16', NULL, NULL, NULL, NULL),
('17bf02de-2b93-2829-29cb-66948daf6128', 'NVL-72657', 'Porter857', '35e773ea-5d44-2dda-26a8-6d513e380bde', '7c48a057-3c21-3db0-06a4-60fcae00630c', 959, 'Ghi chú nguyên vật liệu', '2023-10-27', NULL, NULL, NULL, NULL),
('17cd34a9-21ab-5f44-a3dd-867949feb8b5', 'NVL-94666', 'Abram961', '35e773ea-5d44-2dda-26a8-6d513e380bde', '7c48a057-3c21-3db0-06a4-60fcae00630c', 305, 'Ghi chú nguyên vật liệu', NULL, NULL, NULL, NULL, NULL),
('17efdb6c-5ea3-7c33-2980-e8e2a817c80e', 'NVL-86721', 'Geoffrey2004', '35e773ea-5d44-2dda-26a8-6d513e380bde', '7c48a057-3c21-3db0-06a4-60fcae00630c', 914, 'Ghi chú nguyên vật liệu', '2023-07-25', NULL, NULL, NULL, NULL),
('1807779e-1207-7282-c3db-e5d54223c257', 'NVL-83132', 'Zachary452', '35e773ea-5d44-2dda-26a8-6d513e380bde', '7c48a057-3c21-3db0-06a4-60fcae00630c', 240, 'Ghi chú nguyên vật liệu', '2022-05-14', NULL, NULL, NULL, NULL),
('18748437-1876-12e0-2063-eeb1d8ed8cef', 'NVL-85160', 'Tammera667', '35e773ea-5d44-2dda-26a8-6d513e380bde', '7c48a057-3c21-3db0-06a4-60fcae00630c', 726, 'Ghi chú nguyên vật liệu', '2024-01-29', NULL, NULL, NULL, NULL),
('187886c9-1b52-7b5f-1e63-eeb1d8ed8cef', 'NVL-94288', 'Dennis362', '35e773ea-5d44-2dda-26a8-6d513e380bde', '7c48a057-3c21-3db0-06a4-60fcae00630c', 182, 'Ghi chú nguyên vật liệu', '2023-10-04', NULL, NULL, NULL, NULL),
('19601bbe-2a67-39fa-a990-67245e8b283e', 'NVL-79625', 'Maddox9', '35e773ea-5d44-2dda-26a8-6d513e380bde', '7c48a057-3c21-3db0-06a4-60fcae00630c', 146, 'Ghi chú nguyên vật liệu', '2022-11-21', NULL, NULL, NULL, NULL),
('19ae6270-53df-18b1-96dd-867949feb8b5', 'NVL-22673', 'Debby8', '35e773ea-5d44-2dda-26a8-6d513e380bde', '7c48a057-3c21-3db0-06a4-60fcae00630c', 561, 'Ghi chú nguyên vật liệu', '2024-05-22', NULL, NULL, NULL, NULL),
('19b29f82-468c-1cf8-9232-6a1673ffca7c', 'NVL-24930', 'Randolph1991', '35e773ea-5d44-2dda-26a8-6d513e380bde', '7c48a057-3c21-3db0-06a4-60fcae00630c', 67, 'Ghi chú nguyên vật liệu', '2023-01-28', NULL, NULL, NULL, NULL),
('19ef72da-26d6-7e8c-3380-e8e2a817c80e', 'NVL-45428', 'Alissa2001', '35e773ea-5d44-2dda-26a8-6d513e380bde', '7c48a057-3c21-3db0-06a4-60fcae00630c', 937, 'Ghi chú nguyên vật liệu', '2023-04-01', NULL, NULL, NULL, NULL),
('19f32c68-4021-603e-9bdd-867949feb8b5', 'NVL-97388', 'Yessenia93', '35e773ea-5d44-2dda-26a8-6d513e380bde', '7c48a057-3c21-3db0-06a4-60fcae00630c', 866, 'Ghi chú nguyên vật liệu', '2024-04-28', NULL, NULL, NULL, NULL),
('1a33c4c4-5616-670c-9add-867949feb8b5', 'NVL-66993', 'Tanaka272', '35e773ea-5d44-2dda-26a8-6d513e380bde', '7c48a057-3c21-3db0-06a4-60fcae00630c', 100, 'Ghi chú nguyên vật liệu', '2024-02-19', NULL, NULL, NULL, NULL),
('1aa0e98e-1db8-60c0-1d80-e8e2a817c80e', 'NVL-88618', 'Brittney2001', '35e773ea-5d44-2dda-26a8-6d513e380bde', '7c48a057-3c21-3db0-06a4-60fcae00630c', 360, 'Ghi chú nguyên vật liệu', '2024-09-16', NULL, NULL, NULL, NULL),
('1b053175-548d-6448-8bdd-867949feb8b5', 'NVL-80674', 'Florencia1980', '35e773ea-5d44-2dda-26a8-6d513e380bde', '7c48a057-3c21-3db0-06a4-60fcae00630c', 230, 'Ghi chú nguyên vật liệu', '2022-10-19', NULL, NULL, NULL, NULL),
('1b336f56-7ee3-7ceb-1ccb-66948daf6128', 'NVL-56362', 'Shirly2008', '35e773ea-5d44-2dda-26a8-6d513e380bde', '7c48a057-3c21-3db0-06a4-60fcae00630c', 463, 'Ghi chú nguyên vật liệu', '2023-02-23', NULL, NULL, NULL, NULL),
('1bb57cae-439a-434b-91dd-867949feb8b5', 'NVL-72431', 'Cooper2006', '35e773ea-5d44-2dda-26a8-6d513e380bde', '7c48a057-3c21-3db0-06a4-60fcae00630c', 987, 'Ghi chú nguyên vật liệu', NULL, NULL, NULL, NULL, NULL),
('1bcc5f1e-2e27-1ca3-a332-6a1673ffca7c', 'NVL-11246', 'Burkhart717', '35e773ea-5d44-2dda-26a8-6d513e380bde', '7c48a057-3c21-3db0-06a4-60fcae00630c', 87, 'Ghi chú nguyên vật liệu', '2024-05-03', NULL, NULL, NULL, NULL),
('1bf8a43c-47fb-4d6c-1863-eeb1d8ed8cef', 'NVL-84747', 'Lenard1959', '35e773ea-5d44-2dda-26a8-6d513e380bde', '7c48a057-3c21-3db0-06a4-60fcae00630c', 533, 'Ghi chú nguyên vật liệu', '2022-07-09', NULL, NULL, NULL, NULL),
('1c2187a3-6d94-2ded-21cb-66948daf6128', 'NVL-65621', 'Ledoux2028', '35e773ea-5d44-2dda-26a8-6d513e380bde', '7c48a057-3c21-3db0-06a4-60fcae00630c', 156, 'Ghi chú nguyên vật liệu', '2023-11-23', NULL, NULL, NULL, NULL),
('1c54c4b9-2160-7a8a-35cb-66948daf6128', 'NVL-30465', 'Luigi1996', '35e773ea-5d44-2dda-26a8-6d513e380bde', '7c48a057-3c21-3db0-06a4-60fcae00630c', 897, 'Ghi chú nguyên vật liệu', '2024-06-12', NULL, NULL, NULL, NULL),
('1c81812d-1bfc-6433-b032-6a1673ffca7c', 'NVL-13606', 'Woods375', '35e773ea-5d44-2dda-26a8-6d513e380bde', '7c48a057-3c21-3db0-06a4-60fcae00630c', 15, 'Ghi chú nguyên vật liệu', '2023-08-24', NULL, NULL, NULL, NULL),
('1cd71ac9-4456-5e96-b790-67245e8b283e', 'NVL-56424', 'Shandi1996', '35e773ea-5d44-2dda-26a8-6d513e380bde', '7c48a057-3c21-3db0-06a4-60fcae00630c', 200, 'Ghi chú nguyên vật liệu', '2023-02-16', NULL, NULL, NULL, NULL),
('1cf6bcf5-5dfb-692f-2763-eeb1d8ed8cef', 'NVL-74363', 'Pearle638', '35e773ea-5d44-2dda-26a8-6d513e380bde', '7c48a057-3c21-3db0-06a4-60fcae00630c', 657, 'Ghi chú nguyên vật liệu', '2024-08-20', NULL, NULL, NULL, NULL),
('1d81f1ef-7791-31a5-1780-e8e2a817c80e', 'NVL-99800', 'Dupree2018', '35e773ea-5d44-2dda-26a8-6d513e380bde', '7c48a057-3c21-3db0-06a4-60fcae00630c', 644, 'Ghi chú nguyên vật liệu', '2023-09-22', NULL, NULL, NULL, NULL),
('1da031ce-7347-6fc1-ff17-7000f455f3d5', 'NVL-84709', 'Wendolyn2000', '35e773ea-5d44-2dda-26a8-6d513e380bde', '7c48a057-3c21-3db0-06a4-60fcae00630c', 303, 'Ghi chú nguyên vật liệu', '2023-02-03', NULL, NULL, NULL, NULL),
('1dda8627-4997-66d4-2a80-e8e2a817c80e', 'NVL-87789', 'Adolph2024', '35e773ea-5d44-2dda-26a8-6d513e380bde', '7c48a057-3c21-3db0-06a4-60fcae00630c', 664, 'Ghi chú nguyên vật liệu', '2024-04-01', NULL, NULL, NULL, NULL),
('1dde0df3-36ce-5066-4fcb-66948daf6128', 'NVL-38178', 'Gallegos116', '35e773ea-5d44-2dda-26a8-6d513e380bde', '7c48a057-3c21-3db0-06a4-60fcae00630c', 372, 'Ghi chú nguyên vật liệu', NULL, NULL, NULL, NULL, NULL),
('1de1f883-6819-1396-47cb-66948daf6128', 'NVL-60240', 'Keila2003', '35e773ea-5d44-2dda-26a8-6d513e380bde', '7c48a057-3c21-3db0-06a4-60fcae00630c', 264, 'Ghi chú nguyên vật liệu', NULL, NULL, NULL, NULL, NULL),
('1ded3dd7-32db-5bc9-9190-67245e8b283e', 'NVL-67031', 'Paris2022', '35e773ea-5d44-2dda-26a8-6d513e380bde', '7c48a057-3c21-3db0-06a4-60fcae00630c', 194, 'Ghi chú nguyên vật liệu', '2025-01-23', NULL, NULL, NULL, NULL),
('1e425162-1f0d-4605-2d63-eeb1d8ed8cef', 'NVL-96629', 'Kari2023', '35e773ea-5d44-2dda-26a8-6d513e380bde', '7c48a057-3c21-3db0-06a4-60fcae00630c', 897, 'Ghi chú nguyên vật liệu', NULL, NULL, NULL, NULL, NULL),
('1e5a953f-1c88-5769-addb-e5d54223c257', 'NVL-27761', 'Antonietta1973', '35e773ea-5d44-2dda-26a8-6d513e380bde', '7c48a057-3c21-3db0-06a4-60fcae00630c', 250, 'Ghi chú nguyên vật liệu', '2023-08-10', NULL, NULL, NULL, NULL),
('1e925a10-2e0a-6e92-2f80-e8e2a817c80e', 'NVL-23926', 'Colton96', '35e773ea-5d44-2dda-26a8-6d513e380bde', '7c48a057-3c21-3db0-06a4-60fcae00630c', 758, 'Ghi chú nguyên vật liệu', '2024-12-02', NULL, NULL, NULL, NULL),
('1eb07f4e-7018-6d54-6b92-08c864661f9c', 'NVL-83761', 'Alaina7', '35e773ea-5d44-2dda-26a8-6d513e380bde', '7c48a057-3c21-3db0-06a4-60fcae00630c', 186, 'Ghi chú nguyên vật liệu', NULL, NULL, NULL, NULL, NULL),
('1ed20894-74c5-3235-a690-67245e8b283e', 'NVL-34436', 'Merideth315', '35e773ea-5d44-2dda-26a8-6d513e380bde', '7c48a057-3c21-3db0-06a4-60fcae00630c', 840, 'Ghi chú nguyên vật liệu', '2023-08-30', NULL, NULL, NULL, NULL),
('1f22399e-14b4-5c2b-8132-6a1673ffca7c', 'NVL-47747', 'Muncy1', '35e773ea-5d44-2dda-26a8-6d513e380bde', '7c48a057-3c21-3db0-06a4-60fcae00630c', 797, 'Ghi chú nguyên vật liệu', '2023-02-02', NULL, NULL, NULL, NULL),
('1f74cd3f-6de4-5324-0180-e8e2a817c80e', 'NVL-29723', 'Brinson972', '35e773ea-5d44-2dda-26a8-6d513e380bde', '7c48a057-3c21-3db0-06a4-60fcae00630c', 424, 'Ghi chú nguyên vật liệu', '2022-04-19', NULL, NULL, NULL, NULL),
('1f8d7e46-1d1e-335f-79dd-867949feb8b5', 'NVL-65935', 'Alberto1984', '35e773ea-5d44-2dda-26a8-6d513e380bde', '7c48a057-3c21-3db0-06a4-60fcae00630c', 852, 'Ghi chú nguyên vật liệu', '2024-11-07', NULL, NULL, NULL, NULL),
('205a3e0a-13fe-3557-8232-6a1673ffca7c', 'NVL-26069', 'Weston1954', '35e773ea-5d44-2dda-26a8-6d513e380bde', '7c48a057-3c21-3db0-06a4-60fcae00630c', 141, 'Ghi chú nguyên vật liệu', NULL, NULL, NULL, NULL, NULL),
('207bba19-49aa-63f4-88dd-867949feb8b5', 'NVL-01222', 'Maybelle2018', '35e773ea-5d44-2dda-26a8-6d513e380bde', '7c48a057-3c21-3db0-06a4-60fcae00630c', 163, 'Ghi chú nguyên vật liệu', '2022-08-08', NULL, NULL, NULL, NULL),
('20d0b9f3-3e65-1639-9d7d-e8c757976496', 'NVL-31991', 'Timothy1', '35e773ea-5d44-2dda-26a8-6d513e380bde', '7c48a057-3c21-3db0-06a4-60fcae00630c', 545, 'Ghi chú nguyên vật liệu', '2025-03-20', NULL, NULL, NULL, NULL),
('2134f868-7147-79fa-c5db-e5d54223c257', 'NVL-68194', 'Staley1987', '35e773ea-5d44-2dda-26a8-6d513e380bde', '7c48a057-3c21-3db0-06a4-60fcae00630c', 221, 'Ghi chú nguyên vật liệu', '2023-06-12', NULL, NULL, NULL, NULL),
('2152ea1c-3cd9-7d2b-8d32-6a1673ffca7c', 'NVL-83196', 'Olivares1', '35e773ea-5d44-2dda-26a8-6d513e380bde', '7c48a057-3c21-3db0-06a4-60fcae00630c', 698, 'Ghi chú nguyên vật liệu', '2024-10-29', NULL, NULL, NULL, NULL),
('22032557-51a3-4005-1263-eeb1d8ed8cef', 'NVL-56522', 'Sammons6', '35e773ea-5d44-2dda-26a8-6d513e380bde', '7c48a057-3c21-3db0-06a4-60fcae00630c', 412, 'Ghi chú nguyên vật liệu', '2022-04-24', NULL, NULL, NULL, NULL),
('220d9715-5246-6546-1018-7000f455f3d5', 'NVL-34667', 'Angel2021', '35e773ea-5d44-2dda-26a8-6d513e380bde', '7c48a057-3c21-3db0-06a4-60fcae00630c', 995, 'Ghi chú nguyên vật liệu', '2022-04-23', NULL, NULL, NULL, NULL),
('22f831e3-5d4e-3508-1480-e8e2a817c80e', 'NVL-56353', 'Pierre1980', '35e773ea-5d44-2dda-26a8-6d513e380bde', '7c48a057-3c21-3db0-06a4-60fcae00630c', 812, 'Ghi chú nguyên vật liệu', '2024-07-04', NULL, NULL, NULL, NULL),
('23852a17-6e0a-78e1-c87d-e8c757976496', 'NVL-95880', 'Justin9', '35e773ea-5d44-2dda-26a8-6d513e380bde', '7c48a057-3c21-3db0-06a4-60fcae00630c', 114, 'Ghi chú nguyên vật liệu', '2023-09-29', NULL, NULL, NULL, NULL),
('238a5fc0-4bb3-17e5-8ddd-867949feb8b5', 'NVL-16162', 'Rich1960', '35e773ea-5d44-2dda-26a8-6d513e380bde', '7c48a057-3c21-3db0-06a4-60fcae00630c', 202, 'Ghi chú nguyên vật liệu', '2022-07-07', NULL, NULL, NULL, NULL),
('239aed9c-3cda-1b2f-1980-e8e2a817c80e', 'NVL-13266', 'Abney2024', '35e773ea-5d44-2dda-26a8-6d513e380bde', '7c48a057-3c21-3db0-06a4-60fcae00630c', 234, 'Ghi chú nguyên vật liệu', '2024-09-19', NULL, NULL, NULL, NULL),
('23d05304-2f78-4c41-bf90-67245e8b283e', 'NVL-18113', 'Abraham528', '35e773ea-5d44-2dda-26a8-6d513e380bde', '7c48a057-3c21-3db0-06a4-60fcae00630c', 903, 'Ghi chú nguyên vật liệu', '2022-04-15', NULL, NULL, NULL, NULL),
('24061a53-7d83-3b0c-8192-08c864661f9c', 'NVL-04063', 'Orval2005', '35e773ea-5d44-2dda-26a8-6d513e380bde', '7c48a057-3c21-3db0-06a4-60fcae00630c', 475, 'Ghi chú nguyên vật liệu', '2024-07-09', NULL, NULL, NULL, NULL),
('24629593-3d34-32fd-997d-e8c757976496', 'NVL-22213', 'Paris24', '35e773ea-5d44-2dda-26a8-6d513e380bde', '7c48a057-3c21-3db0-06a4-60fcae00630c', 98, 'Ghi chú nguyên vật liệu', '2022-07-11', NULL, NULL, NULL, NULL),
('246aef5e-5173-75df-9b32-6a1673ffca7c', 'NVL-35950', 'Claretha697', '35e773ea-5d44-2dda-26a8-6d513e380bde', '7c48a057-3c21-3db0-06a4-60fcae00630c', 764, 'Ghi chú nguyên vật liệu', '2024-04-19', NULL, NULL, NULL, NULL),
('247986de-4165-651a-9490-67245e8b283e', 'NVL-05198', 'Rivka533', '35e773ea-5d44-2dda-26a8-6d513e380bde', '7c48a057-3c21-3db0-06a4-60fcae00630c', 605, 'Ghi chú nguyên vật liệu', '2024-10-02', NULL, NULL, NULL, NULL),
('24db4fc4-13d0-293c-be90-67245e8b283e', 'NVL-73235', 'Toby2004', '35e773ea-5d44-2dda-26a8-6d513e380bde', '7c48a057-3c21-3db0-06a4-60fcae00630c', 228, 'Ghi chú nguyên vật liệu', '2022-04-24', NULL, NULL, NULL, NULL),
('24e9c0ef-2e7c-6095-7d92-08c864661f9c', 'NVL-88917', 'Talbert1951', '35e773ea-5d44-2dda-26a8-6d513e380bde', '7c48a057-3c21-3db0-06a4-60fcae00630c', 660, 'Ghi chú nguyên vật liệu', '2023-04-25', NULL, NULL, NULL, NULL),
('2508b8b3-3851-6ae9-86dd-867949feb8b5', 'NVL-31379', 'Larson268', '35e773ea-5d44-2dda-26a8-6d513e380bde', '7c48a057-3c21-3db0-06a4-60fcae00630c', 667, 'Ghi chú nguyên vật liệu', '2023-01-12', NULL, NULL, NULL, NULL),
('257ea484-501b-1644-7cdd-867949feb8b5', 'NVL-72402', 'Souza2019', '35e773ea-5d44-2dda-26a8-6d513e380bde', '7c48a057-3c21-3db0-06a4-60fcae00630c', 541, 'Ghi chú nguyên vật liệu', '2022-10-23', NULL, NULL, NULL, NULL),
('258eee01-5e19-7ac4-2ccb-66948daf6128', 'NVL-92706', 'Betancourt584', '35e773ea-5d44-2dda-26a8-6d513e380bde', '7c48a057-3c21-3db0-06a4-60fcae00630c', 484, 'Ghi chú nguyên vật liệu', '2025-01-02', NULL, NULL, NULL, NULL),
('25efaa0a-2220-4655-20cb-66948daf6128', 'NVL-14097', 'Pike1980', '35e773ea-5d44-2dda-26a8-6d513e380bde', '7c48a057-3c21-3db0-06a4-60fcae00630c', 389, 'Ghi chú nguyên vật liệu', '2024-06-22', NULL, NULL, NULL, NULL),
('25f87baa-5e0c-4453-1580-e8e2a817c80e', 'NVL-34003', 'Alexa2006', '35e773ea-5d44-2dda-26a8-6d513e380bde', '7c48a057-3c21-3db0-06a4-60fcae00630c', 329, 'Ghi chú nguyên vật liệu', '2023-12-08', NULL, NULL, NULL, NULL),
('260d7ade-2475-42bd-2163-eeb1d8ed8cef', 'NVL-20667', 'Kozlowski52', '35e773ea-5d44-2dda-26a8-6d513e380bde', '7c48a057-3c21-3db0-06a4-60fcae00630c', 349, 'Ghi chú nguyên vật liệu', '2022-11-02', NULL, NULL, NULL, NULL),
('2643e2f9-2971-435b-c9db-e5d54223c257', 'NVL-74203', 'Jannie192', '35e773ea-5d44-2dda-26a8-6d513e380bde', '7c48a057-3c21-3db0-06a4-60fcae00630c', 800, 'Ghi chú nguyên vật liệu', '2022-04-21', NULL, NULL, NULL, NULL),
('265da9c5-1270-47a6-48cb-66948daf6128', 'NVL-98270', 'Hank1966', '35e773ea-5d44-2dda-26a8-6d513e380bde', '7c48a057-3c21-3db0-06a4-60fcae00630c', 933, 'Ghi chú nguyên vật liệu', '2023-01-14', NULL, NULL, NULL, NULL),
('265f96b9-5fc4-71eb-ab32-6a1673ffca7c', 'NVL-55977', 'Zina2023', '35e773ea-5d44-2dda-26a8-6d513e380bde', '7c48a057-3c21-3db0-06a4-60fcae00630c', 291, 'Ghi chú nguyên vật liệu', '2024-03-29', NULL, NULL, NULL, NULL),
('26d2db40-770f-58fc-8592-08c864661f9c', 'NVL-18173', 'Lange2003', '35e773ea-5d44-2dda-26a8-6d513e380bde', '7c48a057-3c21-3db0-06a4-60fcae00630c', 675, 'Ghi chú nguyên vật liệu', '2024-01-21', NULL, NULL, NULL, NULL),
('26d6dd18-70c7-417d-9f32-6a1673ffca7c', 'NVL-19814', 'Bloom1961', '35e773ea-5d44-2dda-26a8-6d513e380bde', '7c48a057-3c21-3db0-06a4-60fcae00630c', 599, 'Ghi chú nguyên vật liệu', '2022-10-08', NULL, NULL, NULL, NULL),
('272a6589-37d6-4176-4ccb-66948daf6128', 'NVL-37462', 'Antone817', '35e773ea-5d44-2dda-26a8-6d513e380bde', '7c48a057-3c21-3db0-06a4-60fcae00630c', 221, 'Ghi chú nguyên vật liệu', '2023-07-21', NULL, NULL, NULL, NULL),
('273a7ef6-784b-57f0-1118-7000f455f3d5', 'NVL-79129', 'Deaton1954', '35e773ea-5d44-2dda-26a8-6d513e380bde', '7c48a057-3c21-3db0-06a4-60fcae00630c', 45, 'Ghi chú nguyên vật liệu', '2022-10-31', NULL, NULL, NULL, NULL),
('274cd393-304d-16e5-2e63-eeb1d8ed8cef', 'NVL-87034', 'Andrew2018', '35e773ea-5d44-2dda-26a8-6d513e380bde', '7c48a057-3c21-3db0-06a4-60fcae00630c', 361, 'Ghi chú nguyên vật liệu', '2022-04-21', NULL, NULL, NULL, NULL),
('274f704a-3878-429a-a032-6a1673ffca7c', 'NVL-65769', 'Lara373', '35e773ea-5d44-2dda-26a8-6d513e380bde', '7c48a057-3c21-3db0-06a4-60fcae00630c', 494, 'Ghi chú nguyên vật liệu', '2022-09-08', NULL, NULL, NULL, NULL),
('276e9765-4c6a-4239-0b80-e8e2a817c80e', 'NVL-62160', 'Kelvin2015', '35e773ea-5d44-2dda-26a8-6d513e380bde', '7c48a057-3c21-3db0-06a4-60fcae00630c', 592, 'Ghi chú nguyên vật liệu', '2024-10-20', NULL, NULL, NULL, NULL),
('27a76ea6-6309-6d6a-0218-7000f455f3d5', 'NVL-27089', 'Merry21', '35e773ea-5d44-2dda-26a8-6d513e380bde', '7c48a057-3c21-3db0-06a4-60fcae00630c', 91, 'Ghi chú nguyên vật liệu', '2022-04-26', NULL, NULL, NULL, NULL),
('27e293c1-483b-5599-a090-67245e8b283e', 'NVL-17026', 'Allan2004', '35e773ea-5d44-2dda-26a8-6d513e380bde', '7c48a057-3c21-3db0-06a4-60fcae00630c', 88, 'Ghi chú nguyên vật liệu', '2023-12-02', NULL, NULL, NULL, NULL),
('27f8b587-7b4c-665b-2380-e8e2a817c80e', 'NVL-64384', 'Hilton1972', '35e773ea-5d44-2dda-26a8-6d513e380bde', '7c48a057-3c21-3db0-06a4-60fcae00630c', 636, 'Ghi chú nguyên vật liệu', '2022-07-06', NULL, NULL, NULL, NULL),
('284ccb05-337b-7e6f-9090-67245e8b283e', 'NVL-14516', 'Carvalho72', '35e773ea-5d44-2dda-26a8-6d513e380bde', '7c48a057-3c21-3db0-06a4-60fcae00630c', 187, 'Ghi chú nguyên vật liệu', '2023-02-22', NULL, NULL, NULL, NULL),
('28d38d6a-5bdc-2297-d3db-e5d54223c257', 'NVL-06716', 'Grossman5', '35e773ea-5d44-2dda-26a8-6d513e380bde', '7c48a057-3c21-3db0-06a4-60fcae00630c', 57, 'Ghi chú nguyên vật liệu', '2024-05-16', NULL, NULL, NULL, NULL),
('28e5fd74-7c2e-6105-26cb-66948daf6128', 'NVL-02140', 'Ward2007', '35e773ea-5d44-2dda-26a8-6d513e380bde', '7c48a057-3c21-3db0-06a4-60fcae00630c', 719, 'Ghi chú nguyên vật liệu', '2024-10-16', NULL, NULL, NULL, NULL),
('29032303-7c6f-733d-c2db-e5d54223c257', 'NVL-20377', 'Huff4', '35e773ea-5d44-2dda-26a8-6d513e380bde', '7c48a057-3c21-3db0-06a4-60fcae00630c', 832, 'Ghi chú nguyên vật liệu', '2022-05-29', NULL, NULL, NULL, NULL),
('29165c47-3b4e-6e7a-8292-08c864661f9c', 'NVL-31228', 'Adolph411', '35e773ea-5d44-2dda-26a8-6d513e380bde', '7c48a057-3c21-3db0-06a4-60fcae00630c', 666, 'Ghi chú nguyên vật liệu', '2022-05-07', NULL, NULL, NULL, NULL),
('298c1b06-20c9-3db3-b232-6a1673ffca7c', 'NVL-80811', 'Singletary839', '35e773ea-5d44-2dda-26a8-6d513e380bde', '7c48a057-3c21-3db0-06a4-60fcae00630c', 270, 'Ghi chú nguyên vật liệu', '2022-04-15', NULL, NULL, NULL, NULL),
('2a2516e8-7ca5-62b3-9132-6a1673ffca7c', 'NVL-31815', 'Adam1996', '35e773ea-5d44-2dda-26a8-6d513e380bde', '7c48a057-3c21-3db0-06a4-60fcae00630c', 426, 'Ghi chú nguyên vật liệu', '2022-05-21', NULL, NULL, NULL, NULL),
('2a418a7f-bc8b-11ec-a6c2-6ee638634b4c', 'NK99807', 'Nước Khoáng', '35e773ea-5d44-2dda-26a8-6d513e380bde', '75cce5a6-4f7f-3671-3cf3-eb0223d0a4f7', 1000, 'Nước khoáng mặn Quảng Ninh', '2022-12-30', NULL, '2022-04-15 14:10:29', NULL, '2022-04-15 14:16:11'),
('2b850d3d-6722-3f01-1bcb-66948daf6128', 'NVL-98717', 'Brigida1989', '35e773ea-5d44-2dda-26a8-6d513e380bde', '7c48a057-3c21-3db0-06a4-60fcae00630c', 400, 'Ghi chú nguyên vật liệu', '2024-01-12', NULL, NULL, NULL, NULL),
('2bb1c00f-5144-1d08-1818-7000f455f3d5', 'NVL-70247', 'Angel65', '35e773ea-5d44-2dda-26a8-6d513e380bde', '7c48a057-3c21-3db0-06a4-60fcae00630c', 108, 'Ghi chú nguyên vật liệu', '2024-06-21', NULL, NULL, NULL, NULL),
('2bbbd485-6df2-536a-7e32-6a1673ffca7c', 'NVL-82643', 'Aisha2010', '35e773ea-5d44-2dda-26a8-6d513e380bde', '7c48a057-3c21-3db0-06a4-60fcae00630c', 221, 'Ghi chú nguyên vật liệu', '2022-06-17', NULL, NULL, NULL, NULL),
('2bf413d3-7a2c-217a-78dd-867949feb8b5', 'NVL-09555', 'Andre58', '35e773ea-5d44-2dda-26a8-6d513e380bde', '7c48a057-3c21-3db0-06a4-60fcae00630c', 222, 'Ghi chú nguyên vật liệu', '2023-01-18', NULL, NULL, NULL, NULL),
('2c4d181d-6dbb-4b03-87dd-867949feb8b5', 'NVL-44612', 'Sharkey69', '35e773ea-5d44-2dda-26a8-6d513e380bde', '7c48a057-3c21-3db0-06a4-60fcae00630c', 802, 'Ghi chú nguyên vật liệu', '2024-01-02', NULL, NULL, NULL, NULL),
('2c5e86bf-3bd4-299e-1e18-7000f455f3d5', 'NVL-14157', 'Karlene1', '35e773ea-5d44-2dda-26a8-6d513e380bde', '7c48a057-3c21-3db0-06a4-60fcae00630c', 98, 'Ghi chú nguyên vật liệu', '2024-02-03', NULL, NULL, NULL, NULL),
('2c7af5cb-448b-1c53-a57d-e8c757976496', 'NVL-88457', 'Vicenta2014', '35e773ea-5d44-2dda-26a8-6d513e380bde', '7c48a057-3c21-3db0-06a4-60fcae00630c', 794, 'Ghi chú nguyên vật liệu', '2023-09-10', NULL, NULL, NULL, NULL),
('2cd82734-2697-1143-3463-eeb1d8ed8cef', 'NVL-03046', 'Joel1977', '35e773ea-5d44-2dda-26a8-6d513e380bde', '7c48a057-3c21-3db0-06a4-60fcae00630c', 598, 'Ghi chú nguyên vật liệu', '2024-12-10', NULL, NULL, NULL, NULL),
('2ce163ac-1d6b-19ca-ba7d-e8c757976496', 'NVL-47750', 'Zane1987', '35e773ea-5d44-2dda-26a8-6d513e380bde', '7c48a057-3c21-3db0-06a4-60fcae00630c', 84, 'Ghi chú nguyên vật liệu', '2024-07-16', NULL, NULL, NULL, NULL),
('2d19b0e8-2a06-52dc-a190-67245e8b283e', 'NVL-71196', 'Elmer578', '35e773ea-5d44-2dda-26a8-6d513e380bde', '7c48a057-3c21-3db0-06a4-60fcae00630c', 616, 'Ghi chú nguyên vật liệu', '2022-08-30', NULL, NULL, NULL, NULL),
('2d558039-6f60-6d55-fd17-7000f455f3d5', 'NVL-74205', 'Christoper1958', '35e773ea-5d44-2dda-26a8-6d513e380bde', '7c48a057-3c21-3db0-06a4-60fcae00630c', 124, 'Ghi chú nguyên vật liệu', '2022-04-18', NULL, NULL, NULL, NULL),
('2dcedb9c-6c32-7d27-977d-e8c757976496', 'NVL-68331', 'Booker6', '35e773ea-5d44-2dda-26a8-6d513e380bde', '7c48a057-3c21-3db0-06a4-60fcae00630c', 573, 'Ghi chú nguyên vật liệu', '2023-03-08', NULL, NULL, NULL, NULL),
('2ddcae9d-6ef9-27ba-b17d-e8c757976496', 'NVL-31753', 'Bryon178', '35e773ea-5d44-2dda-26a8-6d513e380bde', '7c48a057-3c21-3db0-06a4-60fcae00630c', 269, 'Ghi chú nguyên vật liệu', '2022-07-03', NULL, NULL, NULL, NULL),
('2de001fe-529b-33ad-0280-e8e2a817c80e', 'NVL-46639', 'Verona3', '35e773ea-5d44-2dda-26a8-6d513e380bde', '7c48a057-3c21-3db0-06a4-60fcae00630c', 169, 'Ghi chú nguyên vật liệu', '2023-02-10', NULL, NULL, NULL, NULL),
('2ea2cc59-4a75-15b2-d7db-e5d54223c257', 'NVL-09765', 'Korey528', '35e773ea-5d44-2dda-26a8-6d513e380bde', '7c48a057-3c21-3db0-06a4-60fcae00630c', 981, 'Ghi chú nguyên vật liệu', '2022-04-23', NULL, NULL, NULL, NULL),
('2edefb8c-5cc2-5773-7592-08c864661f9c', 'NVL-40832', 'Abe2009', '35e773ea-5d44-2dda-26a8-6d513e380bde', '7c48a057-3c21-3db0-06a4-60fcae00630c', 567, 'Ghi chú nguyên vật liệu', '2024-06-13', NULL, NULL, NULL, NULL),
('2f1eb874-4858-7e43-7792-08c864661f9c', 'NVL-14080', 'Ragan279', '35e773ea-5d44-2dda-26a8-6d513e380bde', '7c48a057-3c21-3db0-06a4-60fcae00630c', 43, 'Ghi chú nguyên vật liệu', '2024-08-13', NULL, NULL, NULL, NULL),
('2f3a8899-77f2-48a2-2963-eeb1d8ed8cef', 'NVL-27714', 'Earl1984', '35e773ea-5d44-2dda-26a8-6d513e380bde', '7c48a057-3c21-3db0-06a4-60fcae00630c', 70, 'Ghi chú nguyên vật liệu', '2024-06-27', NULL, NULL, NULL, NULL),
('2f7fd810-1b64-5882-aa32-6a1673ffca7c', 'NVL-90940', 'Rod2017', '35e773ea-5d44-2dda-26a8-6d513e380bde', '7c48a057-3c21-3db0-06a4-60fcae00630c', 771, 'Ghi chú nguyên vật liệu', '2022-04-17', NULL, NULL, NULL, NULL),
('2f8c02bd-480c-30a1-d1db-e5d54223c257', 'NVL-40297', 'Adelaida1976', '35e773ea-5d44-2dda-26a8-6d513e380bde', '7c48a057-3c21-3db0-06a4-60fcae00630c', 519, 'Ghi chú nguyên vật liệu', '2022-06-09', NULL, NULL, NULL, NULL),
('2fb0b105-7808-503a-76dd-867949feb8b5', 'NVL-99474', 'Abernathy6', '35e773ea-5d44-2dda-26a8-6d513e380bde', '7c48a057-3c21-3db0-06a4-60fcae00630c', 559, 'Ghi chú nguyên vật liệu', NULL, NULL, NULL, NULL, NULL),
('2fc95768-5570-6429-28cb-66948daf6128', 'NVL-70025', 'Jobe2024', '35e773ea-5d44-2dda-26a8-6d513e380bde', '7c48a057-3c21-3db0-06a4-60fcae00630c', 30, 'Ghi chú nguyên vật liệu', NULL, NULL, NULL, NULL, NULL),
('2ff059da-69a9-17a4-fc17-7000f455f3d5', 'NVL-66505', 'Sturgeon7', '35e773ea-5d44-2dda-26a8-6d513e380bde', '7c48a057-3c21-3db0-06a4-60fcae00630c', 256, 'Ghi chú nguyên vật liệu', '2022-04-19', NULL, NULL, NULL, NULL),
('30070230-50c3-1e2a-cedb-e5d54223c257', 'NVL-30083', 'Tennie1994', '35e773ea-5d44-2dda-26a8-6d513e380bde', '7c48a057-3c21-3db0-06a4-60fcae00630c', 498, 'Ghi chú nguyên vật liệu', '2023-07-17', NULL, NULL, NULL, NULL),
('301ebeb4-170a-7cd7-bb90-67245e8b283e', 'NVL-67347', 'Darrin1984', '35e773ea-5d44-2dda-26a8-6d513e380bde', '7c48a057-3c21-3db0-06a4-60fcae00630c', 226, 'Ghi chú nguyên vật liệu', '2024-10-25', NULL, NULL, NULL, NULL),
('3099a6a8-537c-7f11-bddb-e5d54223c257', 'NVL-07584', 'Stump163', '35e773ea-5d44-2dda-26a8-6d513e380bde', '7c48a057-3c21-3db0-06a4-60fcae00630c', 870, 'Ghi chú nguyên vật liệu', NULL, NULL, NULL, NULL, NULL),
('30a41998-6506-7724-0918-7000f455f3d5', 'NVL-54057', 'Dewayne2020', '35e773ea-5d44-2dda-26a8-6d513e380bde', '7c48a057-3c21-3db0-06a4-60fcae00630c', 129, 'Ghi chú nguyên vật liệu', '2022-07-18', NULL, NULL, NULL, NULL),
('30c8ee28-58a3-22f2-5e92-08c864661f9c', 'NVL-22924', 'Jestine2015', '35e773ea-5d44-2dda-26a8-6d513e380bde', '7c48a057-3c21-3db0-06a4-60fcae00630c', 99, 'Ghi chú nguyên vật liệu', NULL, NULL, NULL, NULL, NULL),
('30f30be1-5707-6c05-1a63-eeb1d8ed8cef', 'NVL-66548', 'Cary912', '35e773ea-5d44-2dda-26a8-6d513e380bde', '7c48a057-3c21-3db0-06a4-60fcae00630c', 78, 'Ghi chú nguyên vật liệu', '2022-04-19', NULL, NULL, NULL, NULL),
('31584a21-584a-7428-0d80-e8e2a817c80e', 'NVL-48907', 'Alisia1951', '35e773ea-5d44-2dda-26a8-6d513e380bde', '7c48a057-3c21-3db0-06a4-60fcae00630c', 180, 'Ghi chú nguyên vật liệu', '2023-02-18', NULL, NULL, NULL, NULL),
('315dc801-67bd-55db-b87d-e8c757976496', 'NVL-78474', 'Bond1973', '35e773ea-5d44-2dda-26a8-6d513e380bde', '7c48a057-3c21-3db0-06a4-60fcae00630c', 671, 'Ghi chú nguyên vật liệu', '2025-03-04', NULL, NULL, NULL, NULL),
('317b7b12-2745-4dc6-a590-67245e8b283e', 'NVL-68013', 'Sweet1974', '35e773ea-5d44-2dda-26a8-6d513e380bde', '7c48a057-3c21-3db0-06a4-60fcae00630c', 67, 'Ghi chú nguyên vật liệu', '2022-05-22', NULL, NULL, NULL, NULL),
('31ac403d-bc8a-11ec-a6c2-6ee638634b4c', 'C99801', 'Coca', '35e773ea-5d44-2dda-26a8-6d513e380bde', '75cce5a6-4f7f-3671-3cf3-eb0223d0a4f7', 10000, NULL, '2023-12-30', NULL, '2022-04-15 14:03:32', NULL, NULL),
('31ef6ac9-28ad-465a-2363-eeb1d8ed8cef', 'NVL-89886', 'Dinorah97', '35e773ea-5d44-2dda-26a8-6d513e380bde', '7c48a057-3c21-3db0-06a4-60fcae00630c', 492, 'Ghi chú nguyên vật liệu', '2025-01-31', NULL, NULL, NULL, NULL),
('321eabe1-3438-223c-2563-eeb1d8ed8cef', 'NVL-10809', 'Addie2009', '35e773ea-5d44-2dda-26a8-6d513e380bde', '7c48a057-3c21-3db0-06a4-60fcae00630c', 671, 'Ghi chú nguyên vật liệu', '2023-03-22', NULL, NULL, NULL, NULL),
('322d6af6-7b01-6161-2880-e8e2a817c80e', 'NVL-06804', 'Gant2012', '35e773ea-5d44-2dda-26a8-6d513e380bde', '7c48a057-3c21-3db0-06a4-60fcae00630c', 667, 'Ghi chú nguyên vật liệu', '2023-12-01', NULL, NULL, NULL, NULL),
('32e00228-6d08-2bc9-d4db-e5d54223c257', 'NVL-80670', 'Lapointe2', '35e773ea-5d44-2dda-26a8-6d513e380bde', '7c48a057-3c21-3db0-06a4-60fcae00630c', 465, 'Ghi chú nguyên vật liệu', '2024-03-26', NULL, NULL, NULL, NULL),
('3356bf67-1bb3-43aa-9532-6a1673ffca7c', 'NVL-51384', 'Adam9', '35e773ea-5d44-2dda-26a8-6d513e380bde', '7c48a057-3c21-3db0-06a4-60fcae00630c', 969, 'Ghi chú nguyên vật liệu', '2025-03-13', NULL, NULL, NULL, NULL),
('336f81b7-417d-7e3a-1363-eeb1d8ed8cef', 'NVL-96635', 'Dover697', '35e773ea-5d44-2dda-26a8-6d513e380bde', '7c48a057-3c21-3db0-06a4-60fcae00630c', 25, 'Ghi chú nguyên vật liệu', '2023-11-13', NULL, NULL, NULL, NULL),
('3372bec2-62aa-7aed-3ccb-66948daf6128', 'NVL-80177', 'Lelia1956', '35e773ea-5d44-2dda-26a8-6d513e380bde', '7c48a057-3c21-3db0-06a4-60fcae00630c', 230, 'Ghi chú nguyên vật liệu', '2023-12-27', NULL, NULL, NULL, NULL),
('33851c36-6445-4680-23cb-66948daf6128', 'NVL-72937', 'Thomasena261', '35e773ea-5d44-2dda-26a8-6d513e380bde', '7c48a057-3c21-3db0-06a4-60fcae00630c', 800, 'Ghi chú nguyên vật liệu', '2023-01-19', NULL, NULL, NULL, NULL),
('34a1b771-3385-6c16-2680-e8e2a817c80e', 'NVL-42735', 'Abbie1950', '35e773ea-5d44-2dda-26a8-6d513e380bde', '7c48a057-3c21-3db0-06a4-60fcae00630c', 58, 'Ghi chú nguyên vật liệu', '2023-07-02', NULL, NULL, NULL, NULL),
('34cde64f-62e4-186c-77dd-867949feb8b5', 'NVL-97757', 'Seymour1989', '35e773ea-5d44-2dda-26a8-6d513e380bde', '7c48a057-3c21-3db0-06a4-60fcae00630c', 864, 'Ghi chú nguyên vật liệu', '2022-09-16', NULL, NULL, NULL, NULL),
('351dea20-5e36-4082-2780-e8e2a817c80e', 'NVL-20411', 'Alba692', '35e773ea-5d44-2dda-26a8-6d513e380bde', '7c48a057-3c21-3db0-06a4-60fcae00630c', 68, 'Ghi chú nguyên vật liệu', '2024-10-10', NULL, NULL, NULL, NULL),
('3590dd80-43d2-1325-8732-6a1673ffca7c', 'NVL-70528', 'Bella1975', '35e773ea-5d44-2dda-26a8-6d513e380bde', '7c48a057-3c21-3db0-06a4-60fcae00630c', 870, 'Ghi chú nguyên vật liệu', '2023-11-01', NULL, NULL, NULL, NULL),
('3599ef50-13ed-5404-0e63-eeb1d8ed8cef', 'NVL-47881', 'Lindsey295', '35e773ea-5d44-2dda-26a8-6d513e380bde', '7c48a057-3c21-3db0-06a4-60fcae00630c', 97, 'Ghi chú nguyên vật liệu', '2024-09-04', NULL, NULL, NULL, NULL),
('35a4d7f5-3702-400c-42cb-66948daf6128', 'NVL-18414', 'Jerry113', '35e773ea-5d44-2dda-26a8-6d513e380bde', '7c48a057-3c21-3db0-06a4-60fcae00630c', 73, 'Ghi chú nguyên vật liệu', '2023-04-30', NULL, NULL, NULL, NULL),
('35e3d521-7432-434b-be7d-e8c757976496', 'NVL-10188', 'Dan366', '35e773ea-5d44-2dda-26a8-6d513e380bde', '7c48a057-3c21-3db0-06a4-60fcae00630c', 934, 'Ghi chú nguyên vật liệu', '2022-07-06', NULL, NULL, NULL, NULL),
('36027e1f-170c-79ab-2863-eeb1d8ed8cef', 'NVL-44868', 'Abraham1984', '35e773ea-5d44-2dda-26a8-6d513e380bde', '7c48a057-3c21-3db0-06a4-60fcae00630c', 978, 'Ghi chú nguyên vật liệu', '2024-12-07', NULL, NULL, NULL, NULL),
('36996c45-57c7-3f54-bb7d-e8c757976496', 'NVL-05921', 'Farrar34', '35e773ea-5d44-2dda-26a8-6d513e380bde', '7c48a057-3c21-3db0-06a4-60fcae00630c', 748, 'Ghi chú nguyên vật liệu', NULL, NULL, NULL, NULL, NULL),
('371f9300-20c4-4bab-1718-7000f455f3d5', 'NVL-66678', 'Alfreda473', '35e773ea-5d44-2dda-26a8-6d513e380bde', '7c48a057-3c21-3db0-06a4-60fcae00630c', 592, 'Ghi chú nguyên vật liệu', '2024-03-18', NULL, NULL, NULL, NULL),
('3721d21d-5c1d-1e10-1563-eeb1d8ed8cef', 'NVL-43690', 'Wilda2025', '35e773ea-5d44-2dda-26a8-6d513e380bde', '7c48a057-3c21-3db0-06a4-60fcae00630c', 67, 'Ghi chú nguyên vật liệu', '2024-02-29', NULL, NULL, NULL, NULL),
('37cf0ec7-4909-5dc9-a37d-e8c757976496', 'NVL-91683', 'Valrie94', '35e773ea-5d44-2dda-26a8-6d513e380bde', '7c48a057-3c21-3db0-06a4-60fcae00630c', 454, 'Ghi chú nguyên vật liệu', '2023-06-27', NULL, NULL, NULL, NULL),
('380799e8-2bfa-4f0f-8e32-6a1673ffca7c', 'NVL-01642', 'Janie1968', '35e773ea-5d44-2dda-26a8-6d513e380bde', '7c48a057-3c21-3db0-06a4-60fcae00630c', 137, 'Ghi chú nguyên vật liệu', NULL, NULL, NULL, NULL, NULL),
('3856e8f7-535c-632a-83dd-867949feb8b5', 'NVL-51470', 'Adelina1996', '35e773ea-5d44-2dda-26a8-6d513e380bde', '7c48a057-3c21-3db0-06a4-60fcae00630c', 755, 'Ghi chú nguyên vật liệu', '2023-08-10', NULL, NULL, NULL, NULL),
('38ab3212-448a-218b-b07d-e8c757976496', 'NVL-34985', 'Mark2005', '35e773ea-5d44-2dda-26a8-6d513e380bde', '7c48a057-3c21-3db0-06a4-60fcae00630c', 892, 'Ghi chú nguyên vật liệu', '2023-05-25', NULL, NULL, NULL, NULL),
('38b1d642-47b7-7c97-6692-08c864661f9c', 'NVL-75622', 'Valrie914', '35e773ea-5d44-2dda-26a8-6d513e380bde', '7c48a057-3c21-3db0-06a4-60fcae00630c', 543, 'Ghi chú nguyên vật liệu', '2024-03-12', NULL, NULL, NULL, NULL),
('38e51bbf-2430-3732-1b63-eeb1d8ed8cef', 'NVL-72927', 'Robbie1979', '35e773ea-5d44-2dda-26a8-6d513e380bde', '7c48a057-3c21-3db0-06a4-60fcae00630c', 660, 'Ghi chú nguyên vật liệu', NULL, NULL, NULL, NULL, NULL),
('392fb6ca-399e-2320-7192-08c864661f9c', 'NVL-00461', 'Colon4', '35e773ea-5d44-2dda-26a8-6d513e380bde', '7c48a057-3c21-3db0-06a4-60fcae00630c', 34, 'Ghi chú nguyên vật liệu', NULL, NULL, NULL, NULL, NULL),
('393c09c9-20f6-1ba4-cfdb-e5d54223c257', 'NVL-66939', 'Dick2021', '35e773ea-5d44-2dda-26a8-6d513e380bde', '7c48a057-3c21-3db0-06a4-60fcae00630c', 789, 'Ghi chú nguyên vật liệu', NULL, NULL, NULL, NULL, NULL),
('393f57d3-1db2-51fe-3563-eeb1d8ed8cef', 'NVL-12358', 'Rhoda1973', '35e773ea-5d44-2dda-26a8-6d513e380bde', '7c48a057-3c21-3db0-06a4-60fcae00630c', 175, 'Ghi chú nguyên vật liệu', NULL, NULL, NULL, NULL, NULL),
('3965bd1a-2544-467d-80dd-867949feb8b5', 'NVL-54802', 'Giordano947', '35e773ea-5d44-2dda-26a8-6d513e380bde', '7c48a057-3c21-3db0-06a4-60fcae00630c', 902, 'Ghi chú nguyên vật liệu', '2023-03-01', NULL, NULL, NULL, NULL),
('397b474c-6011-252d-c57d-e8c757976496', 'NVL-40203', 'Brent13', '35e773ea-5d44-2dda-26a8-6d513e380bde', '7c48a057-3c21-3db0-06a4-60fcae00630c', 47, 'Ghi chú nguyên vật liệu', '2022-04-16', NULL, NULL, NULL, NULL),
('39d89101-351e-28f6-9e32-6a1673ffca7c', 'NVL-52029', 'Abreu2019', '35e773ea-5d44-2dda-26a8-6d513e380bde', '7c48a057-3c21-3db0-06a4-60fcae00630c', 869, 'Ghi chú nguyên vật liệu', '2022-09-20', NULL, NULL, NULL, NULL),
('3ab17eb8-4928-4275-8332-6a1673ffca7c', 'NVL-27562', 'Collette2007', '35e773ea-5d44-2dda-26a8-6d513e380bde', '7c48a057-3c21-3db0-06a4-60fcae00630c', 250, 'Ghi chú nguyên vật liệu', '2023-02-20', NULL, NULL, NULL, NULL),
('3abc4ce5-462f-5db9-9e7d-e8c757976496', 'NVL-89730', 'Cowles2014', '35e773ea-5d44-2dda-26a8-6d513e380bde', '7c48a057-3c21-3db0-06a4-60fcae00630c', 979, 'Ghi chú nguyên vật liệu', '2022-06-05', NULL, NULL, NULL, NULL),
('3ac1952a-1e36-1a0b-b47d-e8c757976496', 'NVL-93965', 'Pettigrew438', '35e773ea-5d44-2dda-26a8-6d513e380bde', '7c48a057-3c21-3db0-06a4-60fcae00630c', 944, 'Ghi chú nguyên vật liệu', '2023-06-26', NULL, NULL, NULL, NULL),
('3b124502-59d0-39ec-1c80-e8e2a817c80e', 'NVL-83354', 'Allan787', '35e773ea-5d44-2dda-26a8-6d513e380bde', '7c48a057-3c21-3db0-06a4-60fcae00630c', 986, 'Ghi chú nguyên vật liệu', '2023-08-12', NULL, NULL, NULL, NULL),
('3b4d46a3-7a40-30a2-fe17-7000f455f3d5', 'NVL-11620', 'James542', '35e773ea-5d44-2dda-26a8-6d513e380bde', '7c48a057-3c21-3db0-06a4-60fcae00630c', 147, 'Ghi chú nguyên vật liệu', '2022-12-10', NULL, NULL, NULL, NULL),
('3b4d9771-50bf-531e-a790-67245e8b283e', 'NVL-73755', 'Crystle1978', '35e773ea-5d44-2dda-26a8-6d513e380bde', '7c48a057-3c21-3db0-06a4-60fcae00630c', 44, 'Ghi chú nguyên vật liệu', NULL, NULL, NULL, NULL, NULL),
('3b58cf74-16ac-69f6-aa7d-e8c757976496', 'NVL-42501', 'Delta247', '35e773ea-5d44-2dda-26a8-6d513e380bde', '7c48a057-3c21-3db0-06a4-60fcae00630c', 745, 'Ghi chú nguyên vật liệu', '2023-09-15', NULL, NULL, NULL, NULL),
('3b5d684a-441d-1a95-0b18-7000f455f3d5', 'NVL-58287', 'Alonso1960', '35e773ea-5d44-2dda-26a8-6d513e380bde', '7c48a057-3c21-3db0-06a4-60fcae00630c', 179, 'Ghi chú nguyên vật liệu', '2022-06-21', NULL, NULL, NULL, NULL),
('3b65e6af-44c8-6e88-ad32-6a1673ffca7c', 'NVL-23732', 'Bennett18', '35e773ea-5d44-2dda-26a8-6d513e380bde', '7c48a057-3c21-3db0-06a4-60fcae00630c', 239, 'Ghi chú nguyên vật liệu', '2024-09-17', NULL, NULL, NULL, NULL),
('3b940528-61d0-597b-8a92-08c864661f9c', 'NVL-86487', 'Corrigan2026', '35e773ea-5d44-2dda-26a8-6d513e380bde', '7c48a057-3c21-3db0-06a4-60fcae00630c', 489, 'Ghi chú nguyên vật liệu', '2022-04-20', NULL, NULL, NULL, NULL),
('3bf3bcad-1fa2-6164-3263-eeb1d8ed8cef', 'NVL-41860', 'Rutledge91', '35e773ea-5d44-2dda-26a8-6d513e380bde', '7c48a057-3c21-3db0-06a4-60fcae00630c', 190, 'Ghi chú nguyên vật liệu', '2024-07-10', NULL, NULL, NULL, NULL),
('3bfbdd8d-5842-121a-bc7d-e8c757976496', 'NVL-28904', 'Louie2027', '35e773ea-5d44-2dda-26a8-6d513e380bde', '7c48a057-3c21-3db0-06a4-60fcae00630c', 830, 'Ghi chú nguyên vật liệu', '2023-02-12', NULL, NULL, NULL, NULL),
('3c19bf05-3077-4b76-27cb-66948daf6128', 'NVL-24146', 'Shirleen621', '35e773ea-5d44-2dda-26a8-6d513e380bde', '7c48a057-3c21-3db0-06a4-60fcae00630c', 752, 'Ghi chú nguyên vật liệu', '2022-05-10', NULL, NULL, NULL, NULL),
('3c8336ca-7b6b-11b1-2b80-e8e2a817c80e', 'NVL-98465', 'Fisk35', '35e773ea-5d44-2dda-26a8-6d513e380bde', '7c48a057-3c21-3db0-06a4-60fcae00630c', 749, 'Ghi chú nguyên vật liệu', '2022-07-03', NULL, NULL, NULL, NULL),
('3ce59559-28e3-40e4-1463-eeb1d8ed8cef', 'NVL-22596', 'Angel681', '35e773ea-5d44-2dda-26a8-6d513e380bde', '7c48a057-3c21-3db0-06a4-60fcae00630c', 61, 'Ghi chú nguyên vật liệu', '2022-04-17', NULL, NULL, NULL, NULL),
('3d41da80-337f-7b3c-34cb-66948daf6128', 'NVL-05706', 'Dann1959', '35e773ea-5d44-2dda-26a8-6d513e380bde', '7c48a057-3c21-3db0-06a4-60fcae00630c', 436, 'Ghi chú nguyên vật liệu', '2022-06-27', NULL, NULL, NULL, NULL),
('3d705f94-6a1a-64a3-7692-08c864661f9c', 'NVL-82135', 'Karl2001', '35e773ea-5d44-2dda-26a8-6d513e380bde', '7c48a057-3c21-3db0-06a4-60fcae00630c', 54, 'Ghi chú nguyên vật liệu', NULL, NULL, NULL, NULL, NULL),
('3d780ac8-3fb5-5c89-8932-6a1673ffca7c', 'NVL-37470', 'Johnny2028', '35e773ea-5d44-2dda-26a8-6d513e380bde', '7c48a057-3c21-3db0-06a4-60fcae00630c', 325, 'Ghi chú nguyên vật liệu', NULL, NULL, NULL, NULL, NULL),
('3da01a3b-71f6-31bb-4dcb-66948daf6128', 'NVL-39746', 'Abe43', '35e773ea-5d44-2dda-26a8-6d513e380bde', '7c48a057-3c21-3db0-06a4-60fcae00630c', 876, 'Ghi chú nguyên vật liệu', '2024-06-05', NULL, NULL, NULL, NULL),
('3e0dfe55-4fb9-65db-b990-67245e8b283e', 'NVL-02539', 'Selma639', '35e773ea-5d44-2dda-26a8-6d513e380bde', '7c48a057-3c21-3db0-06a4-60fcae00630c', 65, 'Ghi chú nguyên vật liệu', '2024-07-30', NULL, NULL, NULL, NULL),
('3e7c8476-3f7d-451f-4acb-66948daf6128', 'NVL-39772', 'Lacey2022', '35e773ea-5d44-2dda-26a8-6d513e380bde', '7c48a057-3c21-3db0-06a4-60fcae00630c', 326, 'Ghi chú nguyên vật liệu', '2024-02-09', NULL, NULL, NULL, NULL),
('3e94fb92-2f78-75cf-2280-e8e2a817c80e', 'NVL-77864', 'Jewell715', '35e773ea-5d44-2dda-26a8-6d513e380bde', '7c48a057-3c21-3db0-06a4-60fcae00630c', 67, 'Ghi chú nguyên vật liệu', '2023-02-28', NULL, NULL, NULL, NULL),
('3ef08d53-5bf3-1e97-9790-67245e8b283e', 'NVL-99566', 'Karlene615', '35e773ea-5d44-2dda-26a8-6d513e380bde', '7c48a057-3c21-3db0-06a4-60fcae00630c', 578, 'Ghi chú nguyên vật liệu', '2023-06-10', NULL, NULL, NULL, NULL),
('3f57dd63-7454-7b61-2e80-e8e2a817c80e', 'NVL-65275', 'Mckinley128', '35e773ea-5d44-2dda-26a8-6d513e380bde', '7c48a057-3c21-3db0-06a4-60fcae00630c', 905, 'Ghi chú nguyên vật liệu', '2023-01-04', NULL, NULL, NULL, NULL),
('3f66f2d6-688b-4161-5f92-08c864661f9c', 'NVL-96845', 'Lorretta2028', '35e773ea-5d44-2dda-26a8-6d513e380bde', '7c48a057-3c21-3db0-06a4-60fcae00630c', 915, 'Ghi chú nguyên vật liệu', '2024-09-01', NULL, NULL, NULL, NULL),
('3f851737-2976-4bc0-22cb-66948daf6128', 'NVL-79319', 'Trish522', '35e773ea-5d44-2dda-26a8-6d513e380bde', '7c48a057-3c21-3db0-06a4-60fcae00630c', 644, 'Ghi chú nguyên vật liệu', '2025-04-03', NULL, NULL, NULL, NULL),
('3fcda397-772d-53a4-25cb-66948daf6128', 'NVL-54184', 'Boggs796', '35e773ea-5d44-2dda-26a8-6d513e380bde', '7c48a057-3c21-3db0-06a4-60fcae00630c', 149, 'Ghi chú nguyên vật liệu', '2022-04-16', NULL, NULL, NULL, NULL),
('40036f5e-657f-2c3d-9f7d-e8c757976496', 'NVL-84297', 'Carey1995', '35e773ea-5d44-2dda-26a8-6d513e380bde', '7c48a057-3c21-3db0-06a4-60fcae00630c', 527, 'Ghi chú nguyên vật liệu', NULL, NULL, NULL, NULL, NULL),
('404fe340-1fd3-414b-aadb-e5d54223c257', 'NVL-54098', 'Jerrod1982', '35e773ea-5d44-2dda-26a8-6d513e380bde', '7c48a057-3c21-3db0-06a4-60fcae00630c', 58, 'Ghi chú nguyên vật liệu', '2022-07-06', NULL, NULL, NULL, NULL),
('40be807c-4f82-2268-8492-08c864661f9c', 'NVL-90479', 'Jacquiline2003', '35e773ea-5d44-2dda-26a8-6d513e380bde', '7c48a057-3c21-3db0-06a4-60fcae00630c', 19, 'Ghi chú nguyên vật liệu', '2023-01-31', NULL, NULL, NULL, NULL),
('40f051a0-691c-6b81-b290-67245e8b283e', 'NVL-05311', 'Carlota2009', '35e773ea-5d44-2dda-26a8-6d513e380bde', '7c48a057-3c21-3db0-06a4-60fcae00630c', 72, 'Ghi chú nguyên vật liệu', '2022-04-25', NULL, NULL, NULL, NULL),
('4103f42d-1ebd-52dd-0f80-e8e2a817c80e', 'NVL-25974', 'Roselyn2026', '35e773ea-5d44-2dda-26a8-6d513e380bde', '7c48a057-3c21-3db0-06a4-60fcae00630c', 272, 'Ghi chú nguyên vật liệu', '2023-08-16', NULL, NULL, NULL, NULL),
('4188bc78-6e7e-2c0a-7fdd-867949feb8b5', 'NVL-25908', 'Schilling1972', '35e773ea-5d44-2dda-26a8-6d513e380bde', '7c48a057-3c21-3db0-06a4-60fcae00630c', 830, 'Ghi chú nguyên vật liệu', '2024-03-24', NULL, NULL, NULL, NULL),
('418c1d04-4abe-54f1-ac32-6a1673ffca7c', 'NVL-80464', 'Byars594', '35e773ea-5d44-2dda-26a8-6d513e380bde', '7c48a057-3c21-3db0-06a4-60fcae00630c', 522, 'Ghi chú nguyên vật liệu', '2023-05-31', NULL, NULL, NULL, NULL),
('41b358c6-4122-1369-3780-e8e2a817c80e', 'NVL-58548', 'Abel2028', '35e773ea-5d44-2dda-26a8-6d513e380bde', '7c48a057-3c21-3db0-06a4-60fcae00630c', 400, 'Ghi chú nguyên vật liệu', NULL, NULL, NULL, NULL, NULL),
('41d258e3-4445-57ff-ac7d-e8c757976496', 'NVL-85458', 'Carlo644', '35e773ea-5d44-2dda-26a8-6d513e380bde', '7c48a057-3c21-3db0-06a4-60fcae00630c', 201, 'Ghi chú nguyên vật liệu', '2024-12-12', NULL, NULL, NULL, NULL),
('4213347c-7d41-76e6-9d90-67245e8b283e', 'NVL-49474', 'Elmo1954', '35e773ea-5d44-2dda-26a8-6d513e380bde', '7c48a057-3c21-3db0-06a4-60fcae00630c', 655, 'Ghi chú nguyên vật liệu', '2022-12-24', NULL, NULL, NULL, NULL),
('424dd08e-6c75-5667-ccdb-e5d54223c257', 'NVL-52859', 'Laura2003', '35e773ea-5d44-2dda-26a8-6d513e380bde', '7c48a057-3c21-3db0-06a4-60fcae00630c', 77, 'Ghi chú nguyên vật liệu', '2023-10-17', NULL, NULL, NULL, NULL),
('4265b010-bc8f-11ec-a6c2-6ee638634b4c', 'TG99818', 'Trứng gà', '24f68892-bc8f-11ec-a6c2-6ee638634b4c', '75cce5a6-4f7f-3671-3cf3-eb0223d0a4f7', 2000, '1 quả/1 vỉ', '2022-04-15', NULL, '2022-04-15 14:39:48', NULL, NULL),
('4296b118-76aa-3241-7edd-867949feb8b5', 'NVL-43071', 'Avelina876', '35e773ea-5d44-2dda-26a8-6d513e380bde', '7c48a057-3c21-3db0-06a4-60fcae00630c', 886, 'Ghi chú nguyên vật liệu', '2023-11-15', NULL, NULL, NULL, NULL),
('43264cfb-61c5-20e9-c97d-e8c757976496', 'NVL-11427', 'Michelina469', '35e773ea-5d44-2dda-26a8-6d513e380bde', '7c48a057-3c21-3db0-06a4-60fcae00630c', 648, 'Ghi chú nguyên vật liệu', '2024-06-14', NULL, NULL, NULL, NULL),
('4351f99e-6b55-4fb7-d2db-e5d54223c257', 'NVL-87535', 'Lincoln11', '35e773ea-5d44-2dda-26a8-6d513e380bde', '7c48a057-3c21-3db0-06a4-60fcae00630c', 201, 'Ghi chú nguyên vật liệu', '2023-04-29', NULL, NULL, NULL, NULL),
('4384ed4b-3a08-381a-b77d-e8c757976496', 'NVL-22982', 'Marcus1989', '35e773ea-5d44-2dda-26a8-6d513e380bde', '7c48a057-3c21-3db0-06a4-60fcae00630c', 594, 'Ghi chú nguyên vật liệu', '2022-05-11', NULL, NULL, NULL, NULL),
('438fec4c-2dad-30d7-a07d-e8c757976496', 'NVL-11602', 'Olin569', '35e773ea-5d44-2dda-26a8-6d513e380bde', '7c48a057-3c21-3db0-06a4-60fcae00630c', 591, 'Ghi chú nguyên vật liệu', '2024-11-12', NULL, NULL, NULL, NULL),
('4394858a-6963-5fd2-1d63-eeb1d8ed8cef', 'NVL-30973', 'Slade1974', '35e773ea-5d44-2dda-26a8-6d513e380bde', '7c48a057-3c21-3db0-06a4-60fcae00630c', 29, 'Ghi chú nguyên vật liệu', '2022-07-17', NULL, NULL, NULL, NULL),
('439cdac8-4380-1e2d-0f63-eeb1d8ed8cef', 'NVL-54026', 'Marinda1990', '35e773ea-5d44-2dda-26a8-6d513e380bde', '7c48a057-3c21-3db0-06a4-60fcae00630c', 506, 'Ghi chú nguyên vật liệu', NULL, NULL, NULL, NULL, NULL),
('43dc601f-415f-5b76-1b80-e8e2a817c80e', 'NVL-32511', 'Lemmon249', '35e773ea-5d44-2dda-26a8-6d513e380bde', '7c48a057-3c21-3db0-06a4-60fcae00630c', 608, 'Ghi chú nguyên vật liệu', '2022-12-22', NULL, NULL, NULL, NULL),
('4448a185-202a-56da-8632-6a1673ffca7c', 'NVL-64414', 'Marjory2004', '35e773ea-5d44-2dda-26a8-6d513e380bde', '7c48a057-3c21-3db0-06a4-60fcae00630c', 686, 'Ghi chú nguyên vật liệu', '2025-04-13', NULL, NULL, NULL, NULL),
('446ef6d4-4d7e-6a4d-a632-6a1673ffca7c', 'NVL-74291', 'Jayme845', '35e773ea-5d44-2dda-26a8-6d513e380bde', '7c48a057-3c21-3db0-06a4-60fcae00630c', 268, 'Ghi chú nguyên vật liệu', '2024-05-23', NULL, NULL, NULL, NULL),
('4475aae5-5c21-3d98-2463-eeb1d8ed8cef', 'NVL-47686', 'Rhoda2', '35e773ea-5d44-2dda-26a8-6d513e380bde', '7c48a057-3c21-3db0-06a4-60fcae00630c', 353, 'Ghi chú nguyên vật liệu', '2023-04-16', NULL, NULL, NULL, NULL),
('44c4c366-17bb-1ef0-3acb-66948daf6128', 'NVL-93059', 'Brittney146', '35e773ea-5d44-2dda-26a8-6d513e380bde', '7c48a057-3c21-3db0-06a4-60fcae00630c', 539, 'Ghi chú nguyên vật liệu', '2022-10-15', NULL, NULL, NULL, NULL),
('45079f27-1c38-7d0a-a832-6a1673ffca7c', 'NVL-76168', 'Mcghee653', '35e773ea-5d44-2dda-26a8-6d513e380bde', '7c48a057-3c21-3db0-06a4-60fcae00630c', 711, 'Ghi chú nguyên vật liệu', '2023-03-16', NULL, NULL, NULL, NULL),
('453b5c4b-7d14-117d-0418-7000f455f3d5', 'NVL-89208', 'Leif1968', '35e773ea-5d44-2dda-26a8-6d513e380bde', '7c48a057-3c21-3db0-06a4-60fcae00630c', 348, 'Ghi chú nguyên vật liệu', '2022-04-21', NULL, NULL, NULL, NULL),
('45536100-7fba-5a99-24cb-66948daf6128', 'NVL-51723', 'Tuggle533', '35e773ea-5d44-2dda-26a8-6d513e380bde', '7c48a057-3c21-3db0-06a4-60fcae00630c', 807, 'Ghi chú nguyên vật liệu', '2023-09-22', NULL, NULL, NULL, NULL),
('4577565a-7e3e-493a-74dd-867949feb8b5', 'NVL-43475', 'Arnita2004', '35e773ea-5d44-2dda-26a8-6d513e380bde', '7c48a057-3c21-3db0-06a4-60fcae00630c', 790, 'Ghi chú nguyên vật liệu', '2022-06-27', NULL, NULL, NULL, NULL),
('4577d899-587b-3afc-39cb-66948daf6128', 'NVL-41386', 'Carmelo2017', '35e773ea-5d44-2dda-26a8-6d513e380bde', '7c48a057-3c21-3db0-06a4-60fcae00630c', 102, 'Ghi chú nguyên vật liệu', NULL, NULL, NULL, NULL, NULL),
('45a563b4-28b0-60dc-bbdb-e5d54223c257', 'NVL-26815', 'Erin275', '35e773ea-5d44-2dda-26a8-6d513e380bde', '7c48a057-3c21-3db0-06a4-60fcae00630c', 749, 'Ghi chú nguyên vật liệu', '2024-02-16', NULL, NULL, NULL, NULL),
('4603fa72-437b-7701-3163-eeb1d8ed8cef', 'NVL-82640', 'Leslee75', '35e773ea-5d44-2dda-26a8-6d513e380bde', '7c48a057-3c21-3db0-06a4-60fcae00630c', 830, 'Ghi chú nguyên vật liệu', '2024-03-02', NULL, NULL, NULL, NULL),
('46105a82-2aeb-39c2-3280-e8e2a817c80e', 'NVL-24581', 'Donnie334', '35e773ea-5d44-2dda-26a8-6d513e380bde', '7c48a057-3c21-3db0-06a4-60fcae00630c', 795, 'Ghi chú nguyên vật liệu', '2022-05-03', NULL, NULL, NULL, NULL),
('46374ba0-6867-1301-ad90-67245e8b283e', 'NVL-34245', 'Acker2013', '35e773ea-5d44-2dda-26a8-6d513e380bde', '7c48a057-3c21-3db0-06a4-60fcae00630c', 881, 'Ghi chú nguyên vật liệu', '2024-04-27', NULL, NULL, NULL, NULL),
('46377235-7295-534b-a390-67245e8b283e', 'NVL-99671', 'Mario2027', '35e773ea-5d44-2dda-26a8-6d513e380bde', '7c48a057-3c21-3db0-06a4-60fcae00630c', 624, 'Ghi chú nguyên vật liệu', '2024-11-22', NULL, NULL, NULL, NULL),
('469b3ece-744a-45d5-957d-e8c757976496', 'NVL-29999', 'Mollie1975', '35e773ea-5d44-2dda-26a8-6d513e380bde', '7c48a057-3c21-3db0-06a4-60fcae00630c', 756, 'Ghi chú nguyên vật liệu', '2024-01-26', NULL, NULL, NULL, NULL),
('46c056d6-4a6c-7a0f-9cdd-867949feb8b5', 'NVL-61877', 'Kent831', '35e773ea-5d44-2dda-26a8-6d513e380bde', '7c48a057-3c21-3db0-06a4-60fcae00630c', 696, 'Ghi chú nguyên vật liệu', '2022-08-12', NULL, NULL, NULL, NULL),
('46f514e3-3598-177c-6192-08c864661f9c', 'NVL-95334', 'Ernesto599', '35e773ea-5d44-2dda-26a8-6d513e380bde', '7c48a057-3c21-3db0-06a4-60fcae00630c', 564, 'Ghi chú nguyên vật liệu', '2023-05-13', NULL, NULL, NULL, NULL),
('46f879ea-405a-49ab-92dd-867949feb8b5', 'NVL-78813', 'Jonie1963', '35e773ea-5d44-2dda-26a8-6d513e380bde', '7c48a057-3c21-3db0-06a4-60fcae00630c', 999, 'Ghi chú nguyên vật liệu', '2023-05-26', NULL, NULL, NULL, NULL),
('4729a19e-5a81-6e74-6a92-08c864661f9c', 'NVL-43940', 'Brendon2023', '35e773ea-5d44-2dda-26a8-6d513e380bde', '7c48a057-3c21-3db0-06a4-60fcae00630c', 236, 'Ghi chú nguyên vật liệu', '2024-02-12', NULL, NULL, NULL, NULL),
('47405a55-5845-562c-7ddd-867949feb8b5', 'NVL-52371', 'Gooden1996', '35e773ea-5d44-2dda-26a8-6d513e380bde', '7c48a057-3c21-3db0-06a4-60fcae00630c', 901, 'Ghi chú nguyên vật liệu', '2022-10-19', NULL, NULL, NULL, NULL),
('4760d71f-6e2f-5b32-19cb-66948daf6128', 'NVL-18541', 'Christopher1976', '35e773ea-5d44-2dda-26a8-6d513e380bde', '7c48a057-3c21-3db0-06a4-60fcae00630c', 139, 'Ghi chú nguyên vật liệu', '2022-07-11', NULL, NULL, NULL, NULL),
('47ac4f77-1c38-6b23-bcdb-e5d54223c257', 'NVL-43684', 'Abel2005', '35e773ea-5d44-2dda-26a8-6d513e380bde', '7c48a057-3c21-3db0-06a4-60fcae00630c', 232, 'Ghi chú nguyên vật liệu', NULL, NULL, NULL, NULL, NULL),
('47b99d03-bc8f-11ec-a6c2-6ee638634b4c', 'TV99819', 'Trứng vịt', '24f68892-bc8f-11ec-a6c2-6ee638634b4c', '75cce5a6-4f7f-3671-3cf3-eb0223d0a4f7', 2000, '1 quả/1 vỉ', '2022-04-15', NULL, '2022-04-15 14:39:57', NULL, NULL),
('47f60f67-6087-2a86-abdb-e5d54223c257', 'NVL-50168', 'Carlson9', '35e773ea-5d44-2dda-26a8-6d513e380bde', '7c48a057-3c21-3db0-06a4-60fcae00630c', 458, 'Ghi chú nguyên vật liệu', '2024-10-04', NULL, NULL, NULL, NULL),
('48659f54-7d1a-67d6-0718-7000f455f3d5', 'NVL-21111', 'Jaleesa2020', '35e773ea-5d44-2dda-26a8-6d513e380bde', '7c48a057-3c21-3db0-06a4-60fcae00630c', 492, 'Ghi chú nguyên vật liệu', '2023-05-22', NULL, NULL, NULL, NULL),
('48adb0bd-7040-1241-6e92-08c864661f9c', 'NVL-66474', 'Myron3', '35e773ea-5d44-2dda-26a8-6d513e380bde', '7c48a057-3c21-3db0-06a4-60fcae00630c', 260, 'Ghi chú nguyên vật liệu', '2024-08-16', NULL, NULL, NULL, NULL),
('48c40821-1c72-189a-6792-08c864661f9c', 'NVL-11265', 'Kathrine1986', '35e773ea-5d44-2dda-26a8-6d513e380bde', '7c48a057-3c21-3db0-06a4-60fcae00630c', 89, 'Ghi chú nguyên vật liệu', '2022-04-19', NULL, NULL, NULL, NULL),
('48c91941-bc8a-11ec-a6c2-6ee638634b4c', 'P99802', 'Pepsi', '35e773ea-5d44-2dda-26a8-6d513e380bde', '75cce5a6-4f7f-3671-3cf3-eb0223d0a4f7', 20000, NULL, '2023-12-30', NULL, '2022-04-15 14:04:11', NULL, NULL),
('48f241fe-4517-6239-b97d-e8c757976496', 'NVL-10712', 'Kami6', '35e773ea-5d44-2dda-26a8-6d513e380bde', '7c48a057-3c21-3db0-06a4-60fcae00630c', 613, 'Ghi chú nguyên vật liệu', '2022-12-15', NULL, NULL, NULL, NULL),
('4943c139-6a49-4d6e-1663-eeb1d8ed8cef', 'NVL-00083', 'Townes2013', '35e773ea-5d44-2dda-26a8-6d513e380bde', '7c48a057-3c21-3db0-06a4-60fcae00630c', 292, 'Ghi chú nguyên vật liệu', '2023-04-28', NULL, NULL, NULL, NULL),
('497bbe00-3d2e-5694-cb7d-e8c757976496', 'NVL-37790', 'Aiello272', '35e773ea-5d44-2dda-26a8-6d513e380bde', '7c48a057-3c21-3db0-06a4-60fcae00630c', 560, 'Ghi chú nguyên vật liệu', NULL, NULL, NULL, NULL, NULL),
('49b1d904-1956-2147-0c18-7000f455f3d5', 'NVL-25154', 'Aubrey7', '35e773ea-5d44-2dda-26a8-6d513e380bde', '7c48a057-3c21-3db0-06a4-60fcae00630c', 523, 'Ghi chú nguyên vật liệu', '2024-07-29', NULL, NULL, NULL, NULL),
('49c5d31b-264d-2040-1418-7000f455f3d5', 'NVL-31888', 'Layton468', '35e773ea-5d44-2dda-26a8-6d513e380bde', '7c48a057-3c21-3db0-06a4-60fcae00630c', 23, 'Ghi chú nguyên vật liệu', '2023-06-18', NULL, NULL, NULL, NULL),
('49e9e0d5-6c3c-3ce8-bd7d-e8c757976496', 'NVL-84063', 'Raymon2028', '35e773ea-5d44-2dda-26a8-6d513e380bde', '7c48a057-3c21-3db0-06a4-60fcae00630c', 241, 'Ghi chú nguyên vật liệu', '2023-12-04', NULL, NULL, NULL, NULL),
('4a700c49-6398-4c48-1318-7000f455f3d5', 'NVL-49798', 'Bradford827', '35e773ea-5d44-2dda-26a8-6d513e380bde', '7c48a057-3c21-3db0-06a4-60fcae00630c', 182, 'Ghi chú nguyên vật liệu', '2023-07-06', NULL, NULL, NULL, NULL),
('4a885861-27d1-3519-bedb-e5d54223c257', 'NVL-28310', 'Greiner2004', '35e773ea-5d44-2dda-26a8-6d513e380bde', '7c48a057-3c21-3db0-06a4-60fcae00630c', 250, 'Ghi chú nguyên vật liệu', '2024-03-31', NULL, NULL, NULL, NULL),
('4ab7958b-383e-4f71-1918-7000f455f3d5', 'NVL-63757', 'Tubbs1994', '35e773ea-5d44-2dda-26a8-6d513e380bde', '7c48a057-3c21-3db0-06a4-60fcae00630c', 477, 'Ghi chú nguyên vật liệu', '2023-11-21', NULL, NULL, NULL, NULL),
('4aec9cb4-30ea-2359-b57d-e8c757976496', 'NVL-20046', 'Renato1955', '35e773ea-5d44-2dda-26a8-6d513e380bde', '7c48a057-3c21-3db0-06a4-60fcae00630c', 988, 'Ghi chú nguyên vật liệu', NULL, NULL, NULL, NULL, NULL),
('4b4ec052-4187-3965-1d18-7000f455f3d5', 'NVL-33868', 'Lyndon1988', '35e773ea-5d44-2dda-26a8-6d513e380bde', '7c48a057-3c21-3db0-06a4-60fcae00630c', 401, 'Ghi chú nguyên vật liệu', '2022-09-04', NULL, NULL, NULL, NULL),
('4b5f36b2-71d7-58eb-badb-e5d54223c257', 'NVL-09563', 'Kieth1999', '35e773ea-5d44-2dda-26a8-6d513e380bde', '7c48a057-3c21-3db0-06a4-60fcae00630c', 614, 'Ghi chú nguyên vật liệu', '2024-04-29', NULL, NULL, NULL, NULL),
('4b96b0b4-7306-163e-b27d-e8c757976496', 'NVL-38558', 'Leon245', '35e773ea-5d44-2dda-26a8-6d513e380bde', '7c48a057-3c21-3db0-06a4-60fcae00630c', 944, 'Ghi chú nguyên vật liệu', '2024-01-18', NULL, NULL, NULL, NULL),
('4bd22e7b-1f3e-5cc1-c17d-e8c757976496', 'NVL-50668', 'Ivan1989', '35e773ea-5d44-2dda-26a8-6d513e380bde', '7c48a057-3c21-3db0-06a4-60fcae00630c', 724, 'Ghi chú nguyên vật liệu', '2022-07-08', NULL, NULL, NULL, NULL),
('4c2386b1-57fb-15fa-1063-eeb1d8ed8cef', 'NVL-47585', 'Kurt16', '35e773ea-5d44-2dda-26a8-6d513e380bde', '7c48a057-3c21-3db0-06a4-60fcae00630c', 178, 'Ghi chú nguyên vật liệu', NULL, NULL, NULL, NULL, NULL),
('4ca31fe1-4790-7a9e-2a63-eeb1d8ed8cef', 'NVL-13755', 'Ruby2022', '35e773ea-5d44-2dda-26a8-6d513e380bde', '7c48a057-3c21-3db0-06a4-60fcae00630c', 978, 'Ghi chú nguyên vật liệu', NULL, NULL, NULL, NULL, NULL),
('4cb22784-5a2d-1430-9d32-6a1673ffca7c', 'NVL-35482', 'Ali1973', '35e773ea-5d44-2dda-26a8-6d513e380bde', '7c48a057-3c21-3db0-06a4-60fcae00630c', 314, 'Ghi chú nguyên vật liệu', '2024-01-28', NULL, NULL, NULL, NULL),
('4cd4bba1-49ac-6e4c-b4db-e5d54223c257', 'NVL-24282', 'Adolfo2010', '35e773ea-5d44-2dda-26a8-6d513e380bde', '7c48a057-3c21-3db0-06a4-60fcae00630c', 871, 'Ghi chú nguyên vật liệu', '2022-07-04', NULL, NULL, NULL, NULL),
('4d36196e-2e65-79b4-2d80-e8e2a817c80e', 'NVL-09649', 'Abney299', '35e773ea-5d44-2dda-26a8-6d513e380bde', '7c48a057-3c21-3db0-06a4-60fcae00630c', 287, 'Ghi chú nguyên vật liệu', '2024-07-28', NULL, NULL, NULL, NULL),
('4d586d5a-5c04-74a9-8fdd-867949feb8b5', 'NVL-45729', 'Abraham1', '35e773ea-5d44-2dda-26a8-6d513e380bde', '7c48a057-3c21-3db0-06a4-60fcae00630c', 707, 'Ghi chú nguyên vật liệu', '2024-10-10', NULL, NULL, NULL, NULL),
('4d6d2901-43ab-4d3b-1a80-e8e2a817c80e', 'NVL-91202', 'Katerine296', '35e773ea-5d44-2dda-26a8-6d513e380bde', '7c48a057-3c21-3db0-06a4-60fcae00630c', 275, 'Ghi chú nguyên vật liệu', '2024-05-09', NULL, NULL, NULL, NULL),
('4d79d901-1edc-5c5b-0780-e8e2a817c80e', 'NVL-68736', 'Burnham429', '35e773ea-5d44-2dda-26a8-6d513e380bde', '7c48a057-3c21-3db0-06a4-60fcae00630c', 747, 'Ghi chú nguyên vật liệu', '2024-03-20', NULL, NULL, NULL, NULL),
('4d7b21db-2e02-12b7-a9db-e5d54223c257', 'NVL-65558', 'Aguilera1993', '35e773ea-5d44-2dda-26a8-6d513e380bde', '7c48a057-3c21-3db0-06a4-60fcae00630c', 868, 'Ghi chú nguyên vật liệu', '2024-11-11', NULL, NULL, NULL, NULL),
('4dcec3f9-7052-6fbd-43cb-66948daf6128', 'NVL-62786', 'Merlin56', '35e773ea-5d44-2dda-26a8-6d513e380bde', '7c48a057-3c21-3db0-06a4-60fcae00630c', 633, 'Ghi chú nguyên vật liệu', '2022-04-20', NULL, NULL, NULL, NULL),
('4e01ca19-178d-1579-9c90-67245e8b283e', 'NVL-10129', 'Devlin938', '35e773ea-5d44-2dda-26a8-6d513e380bde', '7c48a057-3c21-3db0-06a4-60fcae00630c', 462, 'Ghi chú nguyên vật liệu', '2022-06-28', NULL, NULL, NULL, NULL),
('4e15cd2d-2f00-196c-1e80-e8e2a817c80e', 'NVL-04303', 'Lucinda2014', '35e773ea-5d44-2dda-26a8-6d513e380bde', '7c48a057-3c21-3db0-06a4-60fcae00630c', 96, 'Ghi chú nguyên vật liệu', '2022-04-20', NULL, NULL, NULL, NULL),
('4e272fc4-7875-78d6-7d32-6a1673ffca7c', 'NVL-56634', 'Quintin5', '35e773ea-5d44-2dda-26a8-6d513e380bde', '7c48a057-3c21-3db0-06a4-60fcae00630c', 490, 'Ghi chú nguyên vật liệu', '2024-07-08', NULL, NULL, NULL, NULL),
('4e355534-3c63-70ce-c37d-e8c757976496', 'NVL-07021', 'Jeffery2018', '35e773ea-5d44-2dda-26a8-6d513e380bde', '7c48a057-3c21-3db0-06a4-60fcae00630c', 481, 'Ghi chú nguyên vật liệu', '2022-08-15', NULL, NULL, NULL, NULL),
('4eceddac-7dc2-38ea-7bdd-867949feb8b5', 'NVL-82635', 'Walter2005', '35e773ea-5d44-2dda-26a8-6d513e380bde', '7c48a057-3c21-3db0-06a4-60fcae00630c', 952, 'Ghi chú nguyên vật liệu', NULL, NULL, NULL, NULL, NULL),
('4eebff13-3b4d-17d0-9632-6a1673ffca7c', 'NVL-25762', 'Howard1980', '35e773ea-5d44-2dda-26a8-6d513e380bde', '7c48a057-3c21-3db0-06a4-60fcae00630c', 245, 'Ghi chú nguyên vật liệu', '2023-08-27', NULL, NULL, NULL, NULL),
('4f6d1696-757a-42a0-0a80-e8e2a817c80e', 'NVL-97080', 'Abernathy1963', '35e773ea-5d44-2dda-26a8-6d513e380bde', '7c48a057-3c21-3db0-06a4-60fcae00630c', 775, 'Ghi chú nguyên vật liệu', '2023-03-30', NULL, NULL, NULL, NULL),
('507bbfcb-3bf9-738b-8cdd-867949feb8b5', 'NVL-57314', 'Syble1995', '35e773ea-5d44-2dda-26a8-6d513e380bde', '7c48a057-3c21-3db0-06a4-60fcae00630c', 179, 'Ghi chú nguyên vật liệu', '2023-03-08', NULL, NULL, NULL, NULL),
('50d65da3-631c-5139-9b90-67245e8b283e', 'NVL-45917', 'Lemmon291', '35e773ea-5d44-2dda-26a8-6d513e380bde', '7c48a057-3c21-3db0-06a4-60fcae00630c', 70, 'Ghi chú nguyên vật liệu', '2023-09-19', NULL, NULL, NULL, NULL),
('50ec0ca9-bf93-11ec-aae2-7a1b18277f06', 'ABC99908789', 'Cà chua', '58a7e4eb-bc8c-11ec-a6c2-6ee638634b4c', '75cce5a6-4f7f-3671-3cf3-eb0223d0a4f7', 1000, 'Cà chua', '2022-04-19', NULL, '2022-04-19 10:46:32', NULL, NULL),
('511f2482-76be-16cb-84dd-867949feb8b5', 'NVL-86311', 'Leo726', '35e773ea-5d44-2dda-26a8-6d513e380bde', '7c48a057-3c21-3db0-06a4-60fcae00630c', 75, 'Ghi chú nguyên vật liệu', '2024-04-02', NULL, NULL, NULL, NULL),
('51b0c827-6de4-34c0-0518-7000f455f3d5', 'NVL-30993', 'Jeffery1', '35e773ea-5d44-2dda-26a8-6d513e380bde', '7c48a057-3c21-3db0-06a4-60fcae00630c', 573, 'Ghi chú nguyên vật liệu', '2022-12-06', NULL, NULL, NULL, NULL),
('521b544c-2475-2eb0-ae32-6a1673ffca7c', 'NVL-65913', 'Steve2023', '35e773ea-5d44-2dda-26a8-6d513e380bde', '7c48a057-3c21-3db0-06a4-60fcae00630c', 95, 'Ghi chú nguyên vật liệu', '2023-01-13', NULL, NULL, NULL, NULL),
('5229eb01-6350-3ec3-9ddd-867949feb8b5', 'NVL-58592', 'Reyes2026', '35e773ea-5d44-2dda-26a8-6d513e380bde', '7c48a057-3c21-3db0-06a4-60fcae00630c', 589, 'Ghi chú nguyên vật liệu', NULL, NULL, NULL, NULL, NULL),
('52f674bb-7249-7b72-8b32-6a1673ffca7c', 'NVL-02727', 'Luigi936', '35e773ea-5d44-2dda-26a8-6d513e380bde', '7c48a057-3c21-3db0-06a4-60fcae00630c', 186, 'Ghi chú nguyên vật liệu', '2022-05-23', NULL, NULL, NULL, NULL),
('52f7159d-5242-1af8-9c7d-e8c757976496', 'NVL-41772', 'Tommie793', '35e773ea-5d44-2dda-26a8-6d513e380bde', '7c48a057-3c21-3db0-06a4-60fcae00630c', 250, 'Ghi chú nguyên vật liệu', '2023-04-24', NULL, NULL, NULL, NULL),
('5383e9af-2997-5da2-c27d-e8c757976496', 'NVL-83380', 'Jamel368', '35e773ea-5d44-2dda-26a8-6d513e380bde', '7c48a057-3c21-3db0-06a4-60fcae00630c', 128, 'Ghi chú nguyên vật liệu', '2024-04-22', NULL, NULL, NULL, NULL),
('539dc2f3-160e-521a-3363-eeb1d8ed8cef', 'NVL-45566', 'Reid2012', '35e773ea-5d44-2dda-26a8-6d513e380bde', '7c48a057-3c21-3db0-06a4-60fcae00630c', 608, 'Ghi chú nguyên vật liệu', '2023-03-03', NULL, NULL, NULL, NULL),
('53b7a297-27f2-114f-40cb-66948daf6128', 'NVL-80289', 'Janessa747', '35e773ea-5d44-2dda-26a8-6d513e380bde', '7c48a057-3c21-3db0-06a4-60fcae00630c', 417, 'Ghi chú nguyên vật liệu', '2023-10-03', NULL, NULL, NULL, NULL),
('53f6b59c-6af6-4204-6292-08c864661f9c', 'NVL-09337', 'Krissy913', '35e773ea-5d44-2dda-26a8-6d513e380bde', '7c48a057-3c21-3db0-06a4-60fcae00630c', 592, 'Ghi chú nguyên vật liệu', '2025-02-01', NULL, NULL, NULL, NULL),
('5442c6f4-bc8a-11ec-a6c2-6ee638634b4c', 'SU99803', 'Seven Up', '35e773ea-5d44-2dda-26a8-6d513e380bde', '75cce5a6-4f7f-3671-3cf3-eb0223d0a4f7', 999, '7Up', '2023-12-30', NULL, '2022-04-15 14:04:30', NULL, '2022-04-15 14:16:55'),
('546d5701-35f7-2ab9-7892-08c864661f9c', 'NVL-29280', 'Mira93', '35e773ea-5d44-2dda-26a8-6d513e380bde', '7c48a057-3c21-3db0-06a4-60fcae00630c', 441, 'Ghi chú nguyên vật liệu', '2023-10-29', NULL, NULL, NULL, NULL),
('5490f8c0-5e25-1923-9a32-6a1673ffca7c', 'NVL-81054', 'Coles7', '35e773ea-5d44-2dda-26a8-6d513e380bde', '7c48a057-3c21-3db0-06a4-60fcae00630c', 669, 'Ghi chú nguyên vật liệu', NULL, NULL, NULL, NULL, NULL),
('550c9284-29ba-7fb5-7392-08c864661f9c', 'NVL-65908', 'Adam6', '35e773ea-5d44-2dda-26a8-6d513e380bde', '7c48a057-3c21-3db0-06a4-60fcae00630c', 82, 'Ghi chú nguyên vật liệu', '2022-04-24', NULL, NULL, NULL, NULL),
('552b866a-53d9-2789-3680-e8e2a817c80e', 'NVL-21202', 'Goldman4', '35e773ea-5d44-2dda-26a8-6d513e380bde', '7c48a057-3c21-3db0-06a4-60fcae00630c', 786, 'Ghi chú nguyên vật liệu', '2025-01-24', NULL, NULL, NULL, NULL),
('553b7b1d-3c3a-50ef-7a92-08c864661f9c', 'NVL-44508', 'Georgia7', '35e773ea-5d44-2dda-26a8-6d513e380bde', '7c48a057-3c21-3db0-06a4-60fcae00630c', 779, 'Ghi chú nguyên vật liệu', '2025-02-19', NULL, NULL, NULL, NULL),
('55956549-7945-2d5f-7992-08c864661f9c', 'NVL-07553', 'Ila1958', '35e773ea-5d44-2dda-26a8-6d513e380bde', '7c48a057-3c21-3db0-06a4-60fcae00630c', 605, 'Ghi chú nguyên vật liệu', '2023-06-13', NULL, NULL, NULL, NULL),
('55b2aa19-2fb5-390d-2080-e8e2a817c80e', 'NVL-32893', 'Kelly1963', '35e773ea-5d44-2dda-26a8-6d513e380bde', '7c48a057-3c21-3db0-06a4-60fcae00630c', 288, 'Ghi chú nguyên vật liệu', '2024-01-07', NULL, NULL, NULL, NULL),
('55c45402-30a2-515a-49cb-66948daf6128', 'NVL-07465', 'Tierra2014', '35e773ea-5d44-2dda-26a8-6d513e380bde', '7c48a057-3c21-3db0-06a4-60fcae00630c', 398, 'Ghi chú nguyên vật liệu', '2022-07-03', NULL, NULL, NULL, NULL),
('5608f456-3b97-2e05-5d92-08c864661f9c', 'NVL-68121', 'Elise28', '35e773ea-5d44-2dda-26a8-6d513e380bde', '7c48a057-3c21-3db0-06a4-60fcae00630c', 148, 'Ghi chú nguyên vật liệu', '2022-08-11', NULL, NULL, NULL, NULL),
('561eb2f7-48b8-58dd-6892-08c864661f9c', 'NVL-86028', 'Joesph1974', '35e773ea-5d44-2dda-26a8-6d513e380bde', '7c48a057-3c21-3db0-06a4-60fcae00630c', 386, 'Ghi chú nguyên vật liệu', '2024-11-13', NULL, NULL, NULL, NULL),
('565bfd25-1bf1-3d0a-d8db-e5d54223c257', 'NVL-54679', 'Conley2019', '35e773ea-5d44-2dda-26a8-6d513e380bde', '7c48a057-3c21-3db0-06a4-60fcae00630c', 736, 'Ghi chú nguyên vật liệu', NULL, NULL, NULL, NULL, NULL),
('5660d465-6020-48f3-75dd-867949feb8b5', 'NVL-43126', 'Johnston1952', '35e773ea-5d44-2dda-26a8-6d513e380bde', '7c48a057-3c21-3db0-06a4-60fcae00630c', 250, 'Ghi chú nguyên vật liệu', '2024-04-21', NULL, NULL, NULL, NULL),
('56957607-562f-5d6d-1ecb-66948daf6128', 'NVL-19356', 'Gatewood3', '35e773ea-5d44-2dda-26a8-6d513e380bde', '7c48a057-3c21-3db0-06a4-60fcae00630c', 472, 'Ghi chú nguyên vật liệu', '2022-05-20', NULL, NULL, NULL, NULL),
('56978ca4-3960-6c89-1963-eeb1d8ed8cef', 'NVL-51463', 'Borrego545', '35e773ea-5d44-2dda-26a8-6d513e380bde', '7c48a057-3c21-3db0-06a4-60fcae00630c', 442, 'Ghi chú nguyên vật liệu', '2023-10-17', NULL, NULL, NULL, NULL),
('56b19619-3b4b-5ed3-6d92-08c864661f9c', 'NVL-11138', 'Alonso855', '35e773ea-5d44-2dda-26a8-6d513e380bde', '7c48a057-3c21-3db0-06a4-60fcae00630c', 568, 'Ghi chú nguyên vật liệu', '2022-12-16', NULL, NULL, NULL, NULL),
('56ea0e4e-18dc-1b50-6f92-08c864661f9c', 'NVL-28510', 'Adam356', '35e773ea-5d44-2dda-26a8-6d513e380bde', '7c48a057-3c21-3db0-06a4-60fcae00630c', 782, 'Ghi chú nguyên vật liệu', NULL, NULL, NULL, NULL, NULL),
('5705b068-6d67-5d80-9432-6a1673ffca7c', 'NVL-80072', 'Markus2', '35e773ea-5d44-2dda-26a8-6d513e380bde', '7c48a057-3c21-3db0-06a4-60fcae00630c', 704, 'Ghi chú nguyên vật liệu', '2022-10-07', NULL, NULL, NULL, NULL),
('572ed340-5a40-3dba-c4db-e5d54223c257', 'NVL-79169', 'Efren2', '35e773ea-5d44-2dda-26a8-6d513e380bde', '7c48a057-3c21-3db0-06a4-60fcae00630c', 231, 'Ghi chú nguyên vật liệu', '2024-03-17', NULL, NULL, NULL, NULL),
('578a959e-1fe6-650e-b8db-e5d54223c257', 'NVL-19431', 'Cathleen1967', '35e773ea-5d44-2dda-26a8-6d513e380bde', '7c48a057-3c21-3db0-06a4-60fcae00630c', 870, 'Ghi chú nguyên vật liệu', '2024-06-29', NULL, NULL, NULL, NULL),
('57dc828e-2a5a-30cc-c07d-e8c757976496', 'NVL-12961', 'Arnold97', '35e773ea-5d44-2dda-26a8-6d513e380bde', '7c48a057-3c21-3db0-06a4-60fcae00630c', 964, 'Ghi chú nguyên vật liệu', '2024-11-19', NULL, NULL, NULL, NULL),
('5828810a-2611-6669-2663-eeb1d8ed8cef', 'NVL-73088', 'Loyd8', '35e773ea-5d44-2dda-26a8-6d513e380bde', '7c48a057-3c21-3db0-06a4-60fcae00630c', 427, 'Ghi chú nguyên vật liệu', '2023-10-23', NULL, NULL, NULL, NULL),
('58736b1b-27cf-44a1-2480-e8e2a817c80e', 'NVL-69212', 'Augustine612', '35e773ea-5d44-2dda-26a8-6d513e380bde', '7c48a057-3c21-3db0-06a4-60fcae00630c', 505, 'Ghi chú nguyên vật liệu', '2025-03-24', NULL, NULL, NULL, NULL),
('58814b05-2d30-6e88-8692-08c864661f9c', 'NVL-18245', 'Mark469', '35e773ea-5d44-2dda-26a8-6d513e380bde', '7c48a057-3c21-3db0-06a4-60fcae00630c', 648, 'Ghi chú nguyên vật liệu', '2024-08-20', NULL, NULL, NULL, NULL),
('58b9328a-5b79-6c7e-cadb-e5d54223c257', 'NVL-96524', 'Michel2013', '35e773ea-5d44-2dda-26a8-6d513e380bde', '7c48a057-3c21-3db0-06a4-60fcae00630c', 755, 'Ghi chú nguyên vật liệu', '2022-07-01', NULL, NULL, NULL, NULL),
('58d8d8a7-140b-5c87-82dd-867949feb8b5', 'NVL-03415', 'Ferris1984', '35e773ea-5d44-2dda-26a8-6d513e380bde', '7c48a057-3c21-3db0-06a4-60fcae00630c', 323, 'Ghi chú nguyên vật liệu', '2023-03-31', NULL, NULL, NULL, NULL),
('59d19422-6657-452e-a7db-e5d54223c257', 'NVL-13411', 'Chantel318', '35e773ea-5d44-2dda-26a8-6d513e380bde', '7c48a057-3c21-3db0-06a4-60fcae00630c', 63, 'Ghi chú nguyên vật liệu', NULL, NULL, NULL, NULL, NULL),
('59d9db40-4a7c-2b6f-95dd-867949feb8b5', 'NVL-51237', 'Freddie883', '35e773ea-5d44-2dda-26a8-6d513e380bde', '7c48a057-3c21-3db0-06a4-60fcae00630c', 999, 'Ghi chú nguyên vật liệu', '2022-04-22', NULL, NULL, NULL, NULL),
('5a8679e1-2f27-12b5-3080-e8e2a817c80e', 'NVL-84989', 'Hicks2000', '35e773ea-5d44-2dda-26a8-6d513e380bde', '7c48a057-3c21-3db0-06a4-60fcae00630c', 598, 'Ghi chú nguyên vật liệu', '2025-01-11', NULL, NULL, NULL, NULL),
('5abcb7aa-4be0-373c-b7db-e5d54223c257', 'NVL-93101', 'Divina458', '35e773ea-5d44-2dda-26a8-6d513e380bde', '7c48a057-3c21-3db0-06a4-60fcae00630c', 353, 'Ghi chú nguyên vật liệu', NULL, NULL, NULL, NULL, NULL),
('5ae2d70b-201d-3e23-7f32-6a1673ffca7c', 'NVL-25131', 'Abreu232', '35e773ea-5d44-2dda-26a8-6d513e380bde', '7c48a057-3c21-3db0-06a4-60fcae00630c', 312, 'Ghi chú nguyên vật liệu', '2024-04-09', NULL, NULL, NULL, NULL),
('5b2fcdf5-2050-7cb2-8f90-67245e8b283e', 'NVL-86116', 'Stephan1976', '35e773ea-5d44-2dda-26a8-6d513e380bde', '7c48a057-3c21-3db0-06a4-60fcae00630c', 430, 'Ghi chú nguyên vật liệu', '2024-12-02', NULL, NULL, NULL, NULL),
('5b50bf11-3f80-3d31-9032-6a1673ffca7c', 'NVL-06550', 'Abreu7', '35e773ea-5d44-2dda-26a8-6d513e380bde', '7c48a057-3c21-3db0-06a4-60fcae00630c', 500, 'Ghi chú nguyên vật liệu', '2024-05-24', NULL, NULL, NULL, NULL),
('5b8cffbf-bc8a-11ec-a6c2-6ee638634b4c', 'C99804', 'Coconut', '35e773ea-5d44-2dda-26a8-6d513e380bde', '7c48a057-3c21-3db0-06a4-60fcae00630c', 999, 'Nước dừa', '2023-12-30', NULL, '2022-04-15 14:04:42', NULL, '2022-04-15 14:16:49'),
('5b8ddb97-1143-4e4b-0618-7000f455f3d5', 'NVL-39617', 'Bright144', '35e773ea-5d44-2dda-26a8-6d513e380bde', '7c48a057-3c21-3db0-06a4-60fcae00630c', 265, 'Ghi chú nguyên vật liệu', '2025-03-23', NULL, NULL, NULL, NULL),
('5badffd8-18c8-3f76-6492-08c864661f9c', 'NVL-44205', 'Stephine2005', '35e773ea-5d44-2dda-26a8-6d513e380bde', '7c48a057-3c21-3db0-06a4-60fcae00630c', 119, 'Ghi chú nguyên vật liệu', '2023-06-16', NULL, NULL, NULL, NULL),
('5c184936-53e0-335b-1218-7000f455f3d5', 'NVL-36170', 'Thea481', '35e773ea-5d44-2dda-26a8-6d513e380bde', '7c48a057-3c21-3db0-06a4-60fcae00630c', 490, 'Ghi chú nguyên vật liệu', '2023-11-22', NULL, NULL, NULL, NULL),
('5c63ba8f-59bb-6d2f-9990-67245e8b283e', 'NVL-16268', 'Paris2005', '35e773ea-5d44-2dda-26a8-6d513e380bde', '7c48a057-3c21-3db0-06a4-60fcae00630c', 883, 'Ghi chú nguyên vật liệu', '2022-05-28', NULL, NULL, NULL, NULL),
('5c86869a-6d0c-7cb1-2dcb-66948daf6128', 'NVL-97878', 'Mendez1972', '35e773ea-5d44-2dda-26a8-6d513e380bde', '7c48a057-3c21-3db0-06a4-60fcae00630c', 856, 'Ghi chú nguyên vật liệu', NULL, NULL, NULL, NULL, NULL),
('5d69f482-4df8-2e61-0e80-e8e2a817c80e', 'NVL-49266', 'Adalberto2011', '35e773ea-5d44-2dda-26a8-6d513e380bde', '7c48a057-3c21-3db0-06a4-60fcae00630c', 291, 'Ghi chú nguyên vật liệu', '2025-03-22', NULL, NULL, NULL, NULL),
('5d937641-2850-659a-2580-e8e2a817c80e', 'NVL-11480', 'Carlota1979', '35e773ea-5d44-2dda-26a8-6d513e380bde', '7c48a057-3c21-3db0-06a4-60fcae00630c', 325, 'Ghi chú nguyên vật liệu', '2024-06-06', NULL, NULL, NULL, NULL),
('5d9921cd-3126-4478-31cb-66948daf6128', 'NVL-59031', 'Cherrie235', '35e773ea-5d44-2dda-26a8-6d513e380bde', '7c48a057-3c21-3db0-06a4-60fcae00630c', 64, 'Ghi chú nguyên vật liệu', '2024-06-15', NULL, NULL, NULL, NULL),
('5da22bd5-28f1-649c-1880-e8e2a817c80e', 'NVL-59982', 'Harden962', '35e773ea-5d44-2dda-26a8-6d513e380bde', '7c48a057-3c21-3db0-06a4-60fcae00630c', 470, 'Ghi chú nguyên vật liệu', '2024-08-09', NULL, NULL, NULL, NULL),
('5e0937bc-3f45-6658-b37d-e8c757976496', 'NVL-63966', 'Tenisha218', '35e773ea-5d44-2dda-26a8-6d513e380bde', '7c48a057-3c21-3db0-06a4-60fcae00630c', 227, 'Ghi chú nguyên vật liệu', '2022-12-28', NULL, NULL, NULL, NULL),
('5e0b2316-1117-70fd-2c80-e8e2a817c80e', 'NVL-22388', 'Gary1', '35e773ea-5d44-2dda-26a8-6d513e380bde', '7c48a057-3c21-3db0-06a4-60fcae00630c', 126, 'Ghi chú nguyên vật liệu', '2023-10-22', NULL, NULL, NULL, NULL),
('5ec55d50-6e73-548f-4bcb-66948daf6128', 'NVL-64184', 'Magdalen2013', '35e773ea-5d44-2dda-26a8-6d513e380bde', '7c48a057-3c21-3db0-06a4-60fcae00630c', 785, 'Ghi chú nguyên vật liệu', NULL, NULL, NULL, NULL, NULL),
('5efbfc88-48f0-511d-ad7d-e8c757976496', 'NVL-33953', 'Thad1953', '35e773ea-5d44-2dda-26a8-6d513e380bde', '7c48a057-3c21-3db0-06a4-60fcae00630c', 94, 'Ghi chú nguyên vật liệu', '2023-08-17', NULL, NULL, NULL, NULL),
('5f058231-67ac-7f38-32cb-66948daf6128', 'NVL-64552', 'Stapleton233', '35e773ea-5d44-2dda-26a8-6d513e380bde', '7c48a057-3c21-3db0-06a4-60fcae00630c', 13, 'Ghi chú nguyên vật liệu', '2024-05-22', NULL, NULL, NULL, NULL),
('5f0e412e-4507-37f0-97dd-867949feb8b5', 'NVL-03134', 'Joannie1973', '35e773ea-5d44-2dda-26a8-6d513e380bde', '7c48a057-3c21-3db0-06a4-60fcae00630c', 966, 'Ghi chú nguyên vật liệu', '2024-11-01', NULL, NULL, NULL, NULL),
('5fbbda7e-7566-416f-9b7d-e8c757976496', 'NVL-33757', 'Abbie3', '35e773ea-5d44-2dda-26a8-6d513e380bde', '7c48a057-3c21-3db0-06a4-60fcae00630c', 984, 'Ghi chú nguyên vật liệu', '2022-06-22', NULL, NULL, NULL, NULL),
('60084fec-3509-2779-8432-6a1673ffca7c', 'NVL-00504', 'Lakeesha764', '35e773ea-5d44-2dda-26a8-6d513e380bde', '7c48a057-3c21-3db0-06a4-60fcae00630c', 31, 'Ghi chú nguyên vật liệu', '2025-03-03', NULL, NULL, NULL, NULL),
('606145e7-3b94-4ec2-7b92-08c864661f9c', 'NVL-08092', 'Evita2003', '35e773ea-5d44-2dda-26a8-6d513e380bde', '7c48a057-3c21-3db0-06a4-60fcae00630c', 916, 'Ghi chú nguyên vật liệu', '2022-08-21', NULL, NULL, NULL, NULL),
('6081dc00-4df0-5184-9690-67245e8b283e', 'NVL-88880', 'Nathan716', '35e773ea-5d44-2dda-26a8-6d513e380bde', '7c48a057-3c21-3db0-06a4-60fcae00630c', 885, 'Ghi chú nguyên vật liệu', '2024-12-04', NULL, NULL, NULL, NULL),
('6149c4f4-425b-60e0-b3db-e5d54223c257', 'NVL-48266', 'Lottie769', '35e773ea-5d44-2dda-26a8-6d513e380bde', '7c48a057-3c21-3db0-06a4-60fcae00630c', 253, 'Ghi chú nguyên vật liệu', '2024-01-14', NULL, NULL, NULL, NULL),
('619f0c7a-28cc-469d-aa90-67245e8b283e', 'NVL-83177', 'Allyn433', '35e773ea-5d44-2dda-26a8-6d513e380bde', '7c48a057-3c21-3db0-06a4-60fcae00630c', 845, 'Ghi chú nguyên vật liệu', '2022-12-14', NULL, NULL, NULL, NULL),
('61a45b9e-55c1-3dbb-f917-7000f455f3d5', 'NVL-29426', 'Christian1985', '35e773ea-5d44-2dda-26a8-6d513e380bde', '7c48a057-3c21-3db0-06a4-60fcae00630c', 259, 'Ghi chú nguyên vật liệu', '2024-09-12', NULL, NULL, NULL, NULL),
('61a68ac1-3e74-5149-a290-67245e8b283e', 'NVL-69004', 'Torres348', '35e773ea-5d44-2dda-26a8-6d513e380bde', '7c48a057-3c21-3db0-06a4-60fcae00630c', 687, 'Ghi chú nguyên vật liệu', '2025-03-23', NULL, NULL, NULL, NULL),
('61ae4fa5-62f7-7063-ab90-67245e8b283e', 'NVL-16242', 'Dugas2011', '35e773ea-5d44-2dda-26a8-6d513e380bde', '7c48a057-3c21-3db0-06a4-60fcae00630c', 739, 'Ghi chú nguyên vật liệu', '2022-10-01', NULL, NULL, NULL, NULL),
('61de96a0-125e-6f06-9e90-67245e8b283e', 'NVL-86944', 'Adrianne3', '35e773ea-5d44-2dda-26a8-6d513e380bde', '7c48a057-3c21-3db0-06a4-60fcae00630c', 735, 'Ghi chú nguyên vật liệu', '2023-02-28', NULL, NULL, NULL, NULL),
('62071e5d-7876-6982-a67d-e8c757976496', 'NVL-01157', 'Jorgenson817', '35e773ea-5d44-2dda-26a8-6d513e380bde', '7c48a057-3c21-3db0-06a4-60fcae00630c', 185, 'Ghi chú nguyên vật liệu', '2023-12-18', NULL, NULL, NULL, NULL),
('620dbda4-3d7b-6ef2-89dd-867949feb8b5', 'NVL-02634', 'Dahlia7', '35e773ea-5d44-2dda-26a8-6d513e380bde', '7c48a057-3c21-3db0-06a4-60fcae00630c', 502, 'Ghi chú nguyên vật liệu', '2022-08-02', NULL, NULL, NULL, NULL),
('62243913-56be-7d18-a132-6a1673ffca7c', 'NVL-65600', 'Roger743', '35e773ea-5d44-2dda-26a8-6d513e380bde', '7c48a057-3c21-3db0-06a4-60fcae00630c', 936, 'Ghi chú nguyên vật liệu', '2022-10-24', NULL, NULL, NULL, NULL),
('6240af90-7acc-4276-4ecb-66948daf6128', 'NVL-48006', 'Miles868', '35e773ea-5d44-2dda-26a8-6d513e380bde', '7c48a057-3c21-3db0-06a4-60fcae00630c', 741, 'Ghi chú nguyên vật liệu', '2024-08-03', NULL, NULL, NULL, NULL),
('624fba53-70e7-26e4-c6db-e5d54223c257', 'NVL-59656', 'Garland949', '35e773ea-5d44-2dda-26a8-6d513e380bde', '7c48a057-3c21-3db0-06a4-60fcae00630c', 590, 'Ghi chú nguyên vật liệu', NULL, NULL, NULL, NULL, NULL),
('629ef29c-bc8f-11ec-a6c2-6ee638634b4c', 'K99820', 'Kem', '647a538e-630d-39cd-0144-e5a214c15aa7', '75cce5a6-4f7f-3671-3cf3-eb0223d0a4f7', 2000, '500g/1 Hộp', '2022-04-15', NULL, '2022-04-15 14:40:42', NULL, NULL),
('62a289a0-25f6-18cc-cbdb-e5d54223c257', 'NVL-60961', 'Despina311', '35e773ea-5d44-2dda-26a8-6d513e380bde', '7c48a057-3c21-3db0-06a4-60fcae00630c', 288, 'Ghi chú nguyên vật liệu', '2022-10-13', NULL, NULL, NULL, NULL),
('6326a6c5-66af-78f5-9edd-867949feb8b5', 'NVL-11713', 'Salvador2009', '35e773ea-5d44-2dda-26a8-6d513e380bde', '7c48a057-3c21-3db0-06a4-60fcae00630c', 795, 'Ghi chú nguyên vật liệu', '2023-06-13', NULL, NULL, NULL, NULL),
('6363f9c4-2478-3433-2018-7000f455f3d5', 'NVL-04324', 'Mara811', '35e773ea-5d44-2dda-26a8-6d513e380bde', '7c48a057-3c21-3db0-06a4-60fcae00630c', 23, 'Ghi chú nguyên vật liệu', '2023-03-06', NULL, NULL, NULL, NULL),
('63e5930d-7510-3f65-7f92-08c864661f9c', 'NVL-04622', 'Abdul1991', '35e773ea-5d44-2dda-26a8-6d513e380bde', '7c48a057-3c21-3db0-06a4-60fcae00630c', 107, 'Ghi chú nguyên vật liệu', '2022-06-28', NULL, NULL, NULL, NULL),
('6429b0f4-1391-7f32-9390-67245e8b283e', 'NVL-74762', 'Jefferies7', '35e773ea-5d44-2dda-26a8-6d513e380bde', '7c48a057-3c21-3db0-06a4-60fcae00630c', 361, 'Ghi chú nguyên vật liệu', '2022-07-27', NULL, NULL, NULL, NULL),
('645f2e5c-7670-66a0-6092-08c864661f9c', 'NVL-27326', 'Abdul134', '35e773ea-5d44-2dda-26a8-6d513e380bde', '7c48a057-3c21-3db0-06a4-60fcae00630c', 429, 'Ghi chú nguyên vật liệu', '2022-04-15', NULL, NULL, NULL, NULL),
('659e6553-7411-4575-1f80-e8e2a817c80e', 'NVL-30259', 'Curt21', '35e773ea-5d44-2dda-26a8-6d513e380bde', '7c48a057-3c21-3db0-06a4-60fcae00630c', 162, 'Ghi chú nguyên vật liệu', '2023-02-05', NULL, NULL, NULL, NULL),
('65a30342-bc8a-11ec-a6c2-6ee638634b4c', 'DĂ99805', 'Dầu ăn', '35e773ea-5d44-2dda-26a8-6d513e380bde', '78aafe4a-67a7-2076-3bf3-eb0223d0a4f7', 200, 'Dầu ăn thực vật', '2023-12-30', NULL, '2022-04-15 14:04:59', NULL, '2022-04-15 14:16:43'),
('65a8faaa-15cf-61dc-7092-08c864661f9c', 'NVL-92952', 'Bryson331', '35e773ea-5d44-2dda-26a8-6d513e380bde', '7c48a057-3c21-3db0-06a4-60fcae00630c', 854, 'Ghi chú nguyên vật liệu', '2023-01-31', NULL, NULL, NULL, NULL),
('65b212ea-760e-7140-c8db-e5d54223c257', 'NVL-08691', 'Isabell1998', '35e773ea-5d44-2dda-26a8-6d513e380bde', '7c48a057-3c21-3db0-06a4-60fcae00630c', 950, 'Ghi chú nguyên vật liệu', '2022-07-20', NULL, NULL, NULL, NULL),
('65f87cf3-1975-6013-2ecb-66948daf6128', 'NVL-50800', 'Rueben518', '35e773ea-5d44-2dda-26a8-6d513e380bde', '7c48a057-3c21-3db0-06a4-60fcae00630c', 252, 'Ghi chú nguyên vật liệu', '2023-04-06', NULL, NULL, NULL, NULL),
('668d232b-5fd4-1646-a732-6a1673ffca7c', 'NVL-90010', 'Pedersen2002', '35e773ea-5d44-2dda-26a8-6d513e380bde', '7c48a057-3c21-3db0-06a4-60fcae00630c', 879, 'Ghi chú nguyên vật liệu', '2024-03-20', NULL, NULL, NULL, NULL),
('66bcb150-16b3-6ef8-46cb-66948daf6128', 'NVL-85728', 'Jim1977', '35e773ea-5d44-2dda-26a8-6d513e380bde', '7c48a057-3c21-3db0-06a4-60fcae00630c', 521, 'Ghi chú nguyên vật liệu', '2023-09-20', NULL, NULL, NULL, NULL),
('66e9a5b8-2a02-52f5-85dd-867949feb8b5', 'NVL-75798', 'Norton7', '35e773ea-5d44-2dda-26a8-6d513e380bde', '7c48a057-3c21-3db0-06a4-60fcae00630c', 707, 'Ghi chú nguyên vật liệu', '2022-05-04', NULL, NULL, NULL, NULL),
('67097f92-5629-4ea7-44cb-66948daf6128', 'NVL-78638', 'Lauryn4', '35e773ea-5d44-2dda-26a8-6d513e380bde', '7c48a057-3c21-3db0-06a4-60fcae00630c', 34, 'Ghi chú nguyên vật liệu', '2023-06-10', NULL, NULL, NULL, NULL),
('6719e18d-6121-4bee-8c32-6a1673ffca7c', 'NVL-57486', 'Herb214', '35e773ea-5d44-2dda-26a8-6d513e380bde', '7c48a057-3c21-3db0-06a4-60fcae00630c', 25, 'Ghi chú nguyên vật liệu', '2022-04-18', NULL, NULL, NULL, NULL),
('67229a03-72be-18a3-b390-67245e8b283e', 'NVL-09182', 'Ali1', '35e773ea-5d44-2dda-26a8-6d513e380bde', '7c48a057-3c21-3db0-06a4-60fcae00630c', 96, 'Ghi chú nguyên vật liệu', '2022-08-23', NULL, NULL, NULL, NULL),
('674d5ce7-7f5f-2fd8-2f63-eeb1d8ed8cef', 'NVL-51396', 'Sally1962', '35e773ea-5d44-2dda-26a8-6d513e380bde', '7c48a057-3c21-3db0-06a4-60fcae00630c', 603, 'Ghi chú nguyên vật liệu', '2022-04-20', NULL, NULL, NULL, NULL),
('6764ab86-6fcc-2757-8032-6a1673ffca7c', 'NVL-35480', 'Alcala1977', '35e773ea-5d44-2dda-26a8-6d513e380bde', '7c48a057-3c21-3db0-06a4-60fcae00630c', 87, 'Ghi chú nguyên vật liệu', '2023-02-21', NULL, NULL, NULL, NULL),
('67b5c284-1c59-4a0a-0580-e8e2a817c80e', 'NVL-75790', 'Crosby1970', '35e773ea-5d44-2dda-26a8-6d513e380bde', '7c48a057-3c21-3db0-06a4-60fcae00630c', 914, 'Ghi chú nguyên vật liệu', '2022-07-08', NULL, NULL, NULL, NULL),
('67c21be0-5ca9-2f7d-9832-6a1673ffca7c', 'NVL-85955', 'Kent9', '35e773ea-5d44-2dda-26a8-6d513e380bde', '7c48a057-3c21-3db0-06a4-60fcae00630c', 586, 'Ghi chú nguyên vật liệu', NULL, NULL, NULL, NULL, NULL),
('67e96914-5601-39e5-98dd-867949feb8b5', 'NVL-32732', 'Shayne1983', '35e773ea-5d44-2dda-26a8-6d513e380bde', '7c48a057-3c21-3db0-06a4-60fcae00630c', 730, 'Ghi chú nguyên vật liệu', '2023-12-29', NULL, NULL, NULL, NULL),
('67ef417b-756d-6f15-a27d-e8c757976496', 'NVL-32721', 'Patrina8', '35e773ea-5d44-2dda-26a8-6d513e380bde', '7c48a057-3c21-3db0-06a4-60fcae00630c', 246, 'Ghi chú nguyên vật liệu', '2023-10-05', NULL, NULL, NULL, NULL),
('683552ca-6721-2b6e-7c92-08c864661f9c', 'NVL-46733', 'Neff967', '35e773ea-5d44-2dda-26a8-6d513e380bde', '7c48a057-3c21-3db0-06a4-60fcae00630c', 90, 'Ghi chú nguyên vật liệu', '2022-06-14', NULL, NULL, NULL, NULL),
('6835a1cf-2313-55cd-9332-6a1673ffca7c', 'NVL-62258', 'Lorene2001', '35e773ea-5d44-2dda-26a8-6d513e380bde', '7c48a057-3c21-3db0-06a4-60fcae00630c', 654, 'Ghi chú nguyên vật liệu', '2024-11-24', NULL, NULL, NULL, NULL),
('68478414-705a-2626-5c92-08c864661f9c', 'NVL-46348', 'Carpenter1994', '35e773ea-5d44-2dda-26a8-6d513e380bde', '7c48a057-3c21-3db0-06a4-60fcae00630c', 523, 'Ghi chú nguyên vật liệu', '2024-10-05', NULL, NULL, NULL, NULL),
('684b7317-34c4-77ab-a890-67245e8b283e', 'NVL-05926', 'Carey2015', '35e773ea-5d44-2dda-26a8-6d513e380bde', '7c48a057-3c21-3db0-06a4-60fcae00630c', 183, 'Ghi chú nguyên vật liệu', '2025-03-07', NULL, NULL, NULL, NULL),
('68f8c9eb-65f9-2cfc-0e18-7000f455f3d5', 'NVL-85105', 'Napoleon448', '35e773ea-5d44-2dda-26a8-6d513e380bde', '7c48a057-3c21-3db0-06a4-60fcae00630c', 27, 'Ghi chú nguyên vật liệu', '2024-08-23', NULL, NULL, NULL, NULL),
('6916f8cf-1279-16d8-9290-67245e8b283e', 'NVL-38868', 'Hubert2025', '35e773ea-5d44-2dda-26a8-6d513e380bde', '7c48a057-3c21-3db0-06a4-60fcae00630c', 81, 'Ghi chú nguyên vật liệu', '2024-10-22', NULL, NULL, NULL, NULL),
('696f0f83-27ea-5246-1380-e8e2a817c80e', 'NVL-21604', 'Araceli2013', '35e773ea-5d44-2dda-26a8-6d513e380bde', '7c48a057-3c21-3db0-06a4-60fcae00630c', 961, 'Ghi chú nguyên vật liệu', '2022-07-12', NULL, NULL, NULL, NULL),
('698623e9-1def-6cb3-fa17-7000f455f3d5', 'NVL-72259', 'Abe1988', '35e773ea-5d44-2dda-26a8-6d513e380bde', '7c48a057-3c21-3db0-06a4-60fcae00630c', 846, 'Ghi chú nguyên vật liệu', '2025-03-09', NULL, NULL, NULL, NULL),
('69cdb3c5-55bc-2a7a-9a7d-e8c757976496', 'NVL-01532', 'Crystle2000', '35e773ea-5d44-2dda-26a8-6d513e380bde', '7c48a057-3c21-3db0-06a4-60fcae00630c', 925, 'Ghi chú nguyên vật liệu', '2022-10-16', NULL, NULL, NULL, NULL),
('69e20288-1910-31ba-9c32-6a1673ffca7c', 'NVL-92747', 'Hisako1994', '35e773ea-5d44-2dda-26a8-6d513e380bde', '7c48a057-3c21-3db0-06a4-60fcae00630c', 663, 'Ghi chú nguyên vật liệu', '2024-01-26', NULL, NULL, NULL, NULL),
('6a25a330-451a-46d8-af7d-e8c757976496', 'NVL-44333', 'Neuman9', '35e773ea-5d44-2dda-26a8-6d513e380bde', '7c48a057-3c21-3db0-06a4-60fcae00630c', 353, 'Ghi chú nguyên vật liệu', '2023-01-20', NULL, NULL, NULL, NULL),
('6a4d99cd-242a-6200-7add-867949feb8b5', 'NVL-24714', 'Opal1955', '35e773ea-5d44-2dda-26a8-6d513e380bde', '7c48a057-3c21-3db0-06a4-60fcae00630c', 334, 'Ghi chú nguyên vật liệu', '2025-04-11', NULL, NULL, NULL, NULL),
('6a675fab-453a-3abf-8b92-08c864661f9c', 'NVL-54058', 'Bill1963', '35e773ea-5d44-2dda-26a8-6d513e380bde', '7c48a057-3c21-3db0-06a4-60fcae00630c', 432, 'Ghi chú nguyên vật liệu', '2022-08-26', NULL, NULL, NULL, NULL),
('6a779fff-7bc4-54f4-b5db-e5d54223c257', 'NVL-80596', 'Herzog2023', '35e773ea-5d44-2dda-26a8-6d513e380bde', '7c48a057-3c21-3db0-06a4-60fcae00630c', 589, 'Ghi chú nguyên vật liệu', '2024-05-14', NULL, NULL, NULL, NULL),
('6aaed480-318c-2c4b-3bcb-66948daf6128', 'NVL-58799', 'Nadine1985', '35e773ea-5d44-2dda-26a8-6d513e380bde', '7c48a057-3c21-3db0-06a4-60fcae00630c', 25, 'Ghi chú nguyên vật liệu', '2024-06-12', NULL, NULL, NULL, NULL),
('6af6ef19-44ef-22a6-0118-7000f455f3d5', 'NVL-79274', 'Delossantos2016', '35e773ea-5d44-2dda-26a8-6d513e380bde', '7c48a057-3c21-3db0-06a4-60fcae00630c', 637, 'Ghi chú nguyên vật liệu', '2024-12-06', NULL, NULL, NULL, NULL),
('6b298f78-2645-7591-bc90-67245e8b283e', 'NVL-35905', 'Anitra714', '35e773ea-5d44-2dda-26a8-6d513e380bde', '7c48a057-3c21-3db0-06a4-60fcae00630c', 405, 'Ghi chú nguyên vật liệu', '2022-04-17', NULL, NULL, NULL, NULL),
('6b4ba6de-35d3-5431-3180-e8e2a817c80e', 'NVL-14208', 'Wendy2019', '35e773ea-5d44-2dda-26a8-6d513e380bde', '7c48a057-3c21-3db0-06a4-60fcae00630c', 51, 'Ghi chú nguyên vật liệu', '2024-10-16', NULL, NULL, NULL, NULL),
('6b73219f-4bdc-79f9-c47d-e8c757976496', 'NVL-51836', 'Wren2008', '35e773ea-5d44-2dda-26a8-6d513e380bde', '7c48a057-3c21-3db0-06a4-60fcae00630c', 613, 'Ghi chú nguyên vật liệu', '2022-06-04', NULL, NULL, NULL, NULL),
('6b8a9a77-6b44-5664-ab7d-e8c757976496', 'NVL-93137', 'Agueda2013', '35e773ea-5d44-2dda-26a8-6d513e380bde', '7c48a057-3c21-3db0-06a4-60fcae00630c', 927, 'Ghi chú nguyên vật liệu', '2022-05-19', NULL, NULL, NULL, NULL),
('6bbaa6b2-5caa-16cb-36cb-66948daf6128', 'NVL-54698', 'Sands1968', '35e773ea-5d44-2dda-26a8-6d513e380bde', '7c48a057-3c21-3db0-06a4-60fcae00630c', 97, 'Ghi chú nguyên vật liệu', '2022-08-03', NULL, NULL, NULL, NULL),
('6c7893d1-6275-3b82-b090-67245e8b283e', 'NVL-42301', 'Abbott964', '35e773ea-5d44-2dda-26a8-6d513e380bde', '7c48a057-3c21-3db0-06a4-60fcae00630c', 566, 'Ghi chú nguyên vật liệu', '2023-08-31', NULL, NULL, NULL, NULL),
('6c7a1aa4-706d-6464-37cb-66948daf6128', 'NVL-08232', 'Gregory434', '35e773ea-5d44-2dda-26a8-6d513e380bde', '7c48a057-3c21-3db0-06a4-60fcae00630c', 750, 'Ghi chú nguyên vật liệu', '2022-05-01', NULL, NULL, NULL, NULL),
('6c97b353-5d7d-4095-1dcb-66948daf6128', 'NVL-48785', 'Arnold5', '35e773ea-5d44-2dda-26a8-6d513e380bde', '7c48a057-3c21-3db0-06a4-60fcae00630c', 353, 'Ghi chú nguyên vật liệu', '2023-03-08', NULL, NULL, NULL, NULL),
('6c9d3549-497e-13c0-1a18-7000f455f3d5', 'NVL-49771', 'Baker2002', '35e773ea-5d44-2dda-26a8-6d513e380bde', '7c48a057-3c21-3db0-06a4-60fcae00630c', 537, 'Ghi chú nguyên vật liệu', '2024-03-09', NULL, NULL, NULL, NULL),
('6ca3d731-44ca-42bd-a432-6a1673ffca7c', 'NVL-16931', 'Beaulah639', '35e773ea-5d44-2dda-26a8-6d513e380bde', '7c48a057-3c21-3db0-06a4-60fcae00630c', 360, 'Ghi chú nguyên vật liệu', '2022-11-08', NULL, NULL, NULL, NULL),
('6cba2f79-4256-3aee-33cb-66948daf6128', 'NVL-77958', 'Aracelis2017', '35e773ea-5d44-2dda-26a8-6d513e380bde', '7c48a057-3c21-3db0-06a4-60fcae00630c', 86, 'Ghi chú nguyên vật liệu', '2024-09-15', NULL, NULL, NULL, NULL),
('6d109697-3ecc-4485-90dd-867949feb8b5', 'NVL-66709', 'Andres1', '35e773ea-5d44-2dda-26a8-6d513e380bde', '7c48a057-3c21-3db0-06a4-60fcae00630c', 140, 'Ghi chú nguyên vật liệu', '2024-02-10', NULL, NULL, NULL, NULL),
('6d2783b9-711e-654f-2fcb-66948daf6128', 'NVL-88294', 'Fincher82', '35e773ea-5d44-2dda-26a8-6d513e380bde', '7c48a057-3c21-3db0-06a4-60fcae00630c', 998, 'Ghi chú nguyên vật liệu', '2023-10-12', NULL, NULL, NULL, NULL),
('6d407f3a-6c06-609b-1b18-7000f455f3d5', 'NVL-20553', 'Giuseppe445', '35e773ea-5d44-2dda-26a8-6d513e380bde', '7c48a057-3c21-3db0-06a4-60fcae00630c', 317, 'Ghi chú nguyên vật liệu', '2024-02-03', NULL, NULL, NULL, NULL),
('6dbb604e-505f-6307-c1db-e5d54223c257', 'NVL-01175', 'Jacqui583', '35e773ea-5d44-2dda-26a8-6d513e380bde', '7c48a057-3c21-3db0-06a4-60fcae00630c', 735, 'Ghi chú nguyên vật liệu', '2023-12-25', NULL, NULL, NULL, NULL),
('6dc5a44c-5af9-1208-9fdd-867949feb8b5', 'NVL-68449', 'Coy528', '35e773ea-5d44-2dda-26a8-6d513e380bde', '7c48a057-3c21-3db0-06a4-60fcae00630c', 46, 'Ghi chú nguyên vật liệu', NULL, NULL, NULL, NULL, NULL),
('6de8272b-7b3b-319f-8a32-6a1673ffca7c', 'NVL-31505', 'Albrecht986', '35e773ea-5d44-2dda-26a8-6d513e380bde', '7c48a057-3c21-3db0-06a4-60fcae00630c', 439, 'Ghi chú nguyên vật liệu', '2024-06-12', NULL, NULL, NULL, NULL),
('6e0db6cc-1628-6527-c77d-e8c757976496', 'NVL-72290', 'Trenton2010', '35e773ea-5d44-2dda-26a8-6d513e380bde', '7c48a057-3c21-3db0-06a4-60fcae00630c', 61, 'Ghi chú nguyên vật liệu', '2024-01-29', NULL, NULL, NULL, NULL),
('6e7d14ef-6739-5d9f-1680-e8e2a817c80e', 'NVL-79428', 'Harland1981', '35e773ea-5d44-2dda-26a8-6d513e380bde', '7c48a057-3c21-3db0-06a4-60fcae00630c', 67, 'Ghi chú nguyên vật liệu', '2022-12-01', NULL, NULL, NULL, NULL),
('6e9bb3f5-4c9e-38f7-ae7d-e8c757976496', 'NVL-76996', 'Aletha1978', '35e773ea-5d44-2dda-26a8-6d513e380bde', '7c48a057-3c21-3db0-06a4-60fcae00630c', 550, 'Ghi chú nguyên vật liệu', '2023-07-04', NULL, NULL, NULL, NULL),
('6ebdda50-575d-17c8-41cb-66948daf6128', 'NVL-23102', 'Ebonie1970', '35e773ea-5d44-2dda-26a8-6d513e380bde', '7c48a057-3c21-3db0-06a4-60fcae00630c', 169, 'Ghi chú nguyên vật liệu', '2023-02-28', NULL, NULL, NULL, NULL),
('6f2475a8-1ff5-13e7-0680-e8e2a817c80e', 'NVL-39776', 'Breedlove49', '35e773ea-5d44-2dda-26a8-6d513e380bde', '7c48a057-3c21-3db0-06a4-60fcae00630c', 600, 'Ghi chú nguyên vật liệu', '2022-12-27', NULL, NULL, NULL, NULL),
('6f49c56c-5b60-192f-a1dd-867949feb8b5', 'NVL-88164', 'Jannet726', '35e773ea-5d44-2dda-26a8-6d513e380bde', '7c48a057-3c21-3db0-06a4-60fcae00630c', 358, 'Ghi chú nguyên vật liệu', '2023-06-02', NULL, NULL, NULL, NULL),
('6f983f01-51a9-254d-bfdb-e5d54223c257', 'NVL-22936', 'Gilbert771', '35e773ea-5d44-2dda-26a8-6d513e380bde', '7c48a057-3c21-3db0-06a4-60fcae00630c', 499, 'Ghi chú nguyên vật liệu', '2023-05-15', NULL, NULL, NULL, NULL),
('6f9b639b-6124-3874-a87d-e8c757976496', 'NVL-07858', 'Claribel1964', '35e773ea-5d44-2dda-26a8-6d513e380bde', '7c48a057-3c21-3db0-06a4-60fcae00630c', 446, 'Ghi chú nguyên vật liệu', '2022-05-01', NULL, NULL, NULL, NULL),
('70253ec7-2e38-67a9-b1db-e5d54223c257', 'NVL-60367', 'Rory7', '35e773ea-5d44-2dda-26a8-6d513e380bde', '7c48a057-3c21-3db0-06a4-60fcae00630c', 300, 'Ghi chú nguyên vật liệu', '2022-06-17', NULL, NULL, NULL, NULL),
('7050d79b-6948-3c66-1fcb-66948daf6128', 'NVL-97138', 'Lyn1953', '35e773ea-5d44-2dda-26a8-6d513e380bde', '7c48a057-3c21-3db0-06a4-60fcae00630c', 449, 'Ghi chú nguyên vật liệu', '2024-03-09', NULL, NULL, NULL, NULL),
('7078e567-5be0-4623-2263-eeb1d8ed8cef', 'NVL-85211', 'Hoyt1984', '35e773ea-5d44-2dda-26a8-6d513e380bde', '7c48a057-3c21-3db0-06a4-60fcae00630c', 17, 'Ghi chú nguyên vật liệu', '2022-11-03', NULL, NULL, NULL, NULL),
('70839ffc-260c-3686-d5db-e5d54223c257', 'NVL-66726', 'Guerin1951', '35e773ea-5d44-2dda-26a8-6d513e380bde', '7c48a057-3c21-3db0-06a4-60fcae00630c', 997, 'Ghi chú nguyên vật liệu', '2023-03-22', NULL, NULL, NULL, NULL),
('7086fc75-14da-2666-3063-eeb1d8ed8cef', 'NVL-02038', 'Avila2012', '35e773ea-5d44-2dda-26a8-6d513e380bde', '7c48a057-3c21-3db0-06a4-60fcae00630c', 934, 'Ghi chú nguyên vật liệu', '2022-04-20', NULL, NULL, NULL, NULL),
('70af83de-413e-63ef-6592-08c864661f9c', 'NVL-44321', 'Aurelio6', '35e773ea-5d44-2dda-26a8-6d513e380bde', '7c48a057-3c21-3db0-06a4-60fcae00630c', 880, 'Ghi chú nguyên vật liệu', '2024-11-12', NULL, NULL, NULL, NULL),
('70c65970-3394-495f-c0db-e5d54223c257', 'NVL-60169', 'Joline2015', '35e773ea-5d44-2dda-26a8-6d513e380bde', '7c48a057-3c21-3db0-06a4-60fcae00630c', 597, 'Ghi chú nguyên vật liệu', '2023-08-04', NULL, NULL, NULL, NULL),
('70d5acf3-2d43-7ebb-9a90-67245e8b283e', 'NVL-62654', 'Allard2025', '35e773ea-5d44-2dda-26a8-6d513e380bde', '7c48a057-3c21-3db0-06a4-60fcae00630c', 17, 'Ghi chú nguyên vật liệu', '2022-07-05', NULL, NULL, NULL, NULL),
('7136099c-206b-1466-81dd-867949feb8b5', 'NVL-85745', 'Linkous788', '35e773ea-5d44-2dda-26a8-6d513e380bde', '7c48a057-3c21-3db0-06a4-60fcae00630c', 561, 'Ghi chú nguyên vật liệu', '2023-12-06', NULL, NULL, NULL, NULL),
('715ec7ca-18f7-3fc5-b132-6a1673ffca7c', 'NVL-53566', 'Eliza338', '35e773ea-5d44-2dda-26a8-6d513e380bde', '7c48a057-3c21-3db0-06a4-60fcae00630c', 250, 'Ghi chú nguyên vật liệu', '2024-10-26', NULL, NULL, NULL, NULL),
('71c459c3-508d-1245-b6db-e5d54223c257', 'NVL-70382', 'Denese2011', '35e773ea-5d44-2dda-26a8-6d513e380bde', '7c48a057-3c21-3db0-06a4-60fcae00630c', 270, 'Ghi chú nguyên vật liệu', '2025-01-02', NULL, NULL, NULL, NULL),
('725df9dc-25c1-58eb-a490-67245e8b283e', 'NVL-60307', 'Nerissa1983', '35e773ea-5d44-2dda-26a8-6d513e380bde', '7c48a057-3c21-3db0-06a4-60fcae00630c', 49, 'Ghi chú nguyên vật liệu', NULL, NULL, NULL, NULL, NULL),
('72802b75-2709-7a76-8392-08c864661f9c', 'NVL-49907', 'Abreu115', '35e773ea-5d44-2dda-26a8-6d513e380bde', '7c48a057-3c21-3db0-06a4-60fcae00630c', 485, 'Ghi chú nguyên vật liệu', '2022-06-01', NULL, NULL, NULL, NULL),
('7292a9fb-6802-7ce1-b67d-e8c757976496', 'NVL-92163', 'Abernathy1', '35e773ea-5d44-2dda-26a8-6d513e380bde', '7c48a057-3c21-3db0-06a4-60fcae00630c', 540, 'Ghi chú nguyên vật liệu', '2023-12-13', NULL, NULL, NULL, NULL),
('7293942e-2ba8-3fb0-3dcb-66948daf6128', 'NVL-27474', 'Rodrigues6', '35e773ea-5d44-2dda-26a8-6d513e380bde', '7c48a057-3c21-3db0-06a4-60fcae00630c', 18, 'Ghi chú nguyên vật liệu', '2022-04-23', NULL, NULL, NULL, NULL),
('72ce912f-6015-2e14-fb17-7000f455f3d5', 'NVL-54952', 'Faviola546', '35e773ea-5d44-2dda-26a8-6d513e380bde', '7c48a057-3c21-3db0-06a4-60fcae00630c', 459, 'Ghi chú nguyên vật liệu', '2022-05-16', NULL, NULL, NULL, NULL),
('7325f44f-127c-240c-afdb-e5d54223c257', 'NVL-09145', 'Augustina1986', '35e773ea-5d44-2dda-26a8-6d513e380bde', '7c48a057-3c21-3db0-06a4-60fcae00630c', 890, 'Ghi chú nguyên vật liệu', '2022-10-02', NULL, NULL, NULL, NULL),
('739c88b1-3415-64b4-2c63-eeb1d8ed8cef', 'NVL-18613', 'Edra1958', '35e773ea-5d44-2dda-26a8-6d513e380bde', '7c48a057-3c21-3db0-06a4-60fcae00630c', 323, 'Ghi chú nguyên vật liệu', '2023-07-03', NULL, NULL, NULL, NULL),
('73feb9c0-5258-209c-1280-e8e2a817c80e', 'NVL-36867', 'Rawlings2010', '35e773ea-5d44-2dda-26a8-6d513e380bde', '7c48a057-3c21-3db0-06a4-60fcae00630c', 845, 'Ghi chú nguyên vật liệu', '2023-05-02', NULL, NULL, NULL, NULL),
('74017ba6-559b-3426-8532-6a1673ffca7c', 'NVL-25511', 'Alger64', '35e773ea-5d44-2dda-26a8-6d513e380bde', '7c48a057-3c21-3db0-06a4-60fcae00630c', 74, 'Ghi chú nguyên vật liệu', NULL, NULL, NULL, NULL, NULL),
('74cc8f88-bf92-11ec-aae2-7a1b18277f06', 'ABC99908787', 'Cà chua', '58a7e4eb-bc8c-11ec-a6c2-6ee638634b4c', '75cce5a6-4f7f-3671-3cf3-eb0223d0a4f7', 1000, 'Cà chua', '2022-04-19', NULL, '2022-04-19 10:40:23', NULL, NULL),
('7506e31b-7343-523b-d0db-e5d54223c257', 'NVL-41102', 'Jamal61', '35e773ea-5d44-2dda-26a8-6d513e380bde', '7c48a057-3c21-3db0-06a4-60fcae00630c', 739, 'Ghi chú nguyên vật liệu', '2024-04-12', NULL, NULL, NULL, NULL),
('7518806d-7251-6dce-b490-67245e8b283e', 'NVL-37171', 'Malcom2020', '35e773ea-5d44-2dda-26a8-6d513e380bde', '7c48a057-3c21-3db0-06a4-60fcae00630c', 528, 'Ghi chú nguyên vật liệu', '2024-07-05', NULL, NULL, NULL, NULL),
('756ac66d-5ca5-79ff-b9db-e5d54223c257', 'NVL-55927', 'Cleveland55', '35e773ea-5d44-2dda-26a8-6d513e380bde', '7c48a057-3c21-3db0-06a4-60fcae00630c', 591, 'Ghi chú nguyên vật liệu', '2022-05-11', NULL, NULL, NULL, NULL),
('758f86f1-3af9-68b9-1763-eeb1d8ed8cef', 'NVL-02224', 'Maloney8', '35e773ea-5d44-2dda-26a8-6d513e380bde', '7c48a057-3c21-3db0-06a4-60fcae00630c', 36, 'Ghi chú nguyên vật liệu', '2024-05-09', NULL, NULL, NULL, NULL),
('75a7d96c-5357-1d43-bf7d-e8c757976496', 'NVL-39125', 'Herschel874', '35e773ea-5d44-2dda-26a8-6d513e380bde', '7c48a057-3c21-3db0-06a4-60fcae00630c', 355, 'Ghi chú nguyên vật liệu', '2024-08-12', NULL, NULL, NULL, NULL),
('75cabb78-7da1-5135-a232-6a1673ffca7c', 'NVL-59586', 'Larsen1975', '35e773ea-5d44-2dda-26a8-6d513e380bde', '7c48a057-3c21-3db0-06a4-60fcae00630c', 152, 'Ghi chú nguyên vật liệu', '2022-05-28', NULL, NULL, NULL, NULL),
('75fcbf6d-4e84-4cc4-9f90-67245e8b283e', 'NVL-52706', 'Luisa558', '35e773ea-5d44-2dda-26a8-6d513e380bde', '7c48a057-3c21-3db0-06a4-60fcae00630c', 54, 'Ghi chú nguyên vật liệu', '2024-04-10', NULL, NULL, NULL, NULL),
('7623d42f-35f4-1ce5-987d-e8c757976496', 'NVL-82016', 'Shank212', '35e773ea-5d44-2dda-26a8-6d513e380bde', '7c48a057-3c21-3db0-06a4-60fcae00630c', 937, 'Ghi chú nguyên vật liệu', '2024-12-18', NULL, NULL, NULL, NULL),
('7648959d-25cb-4d0f-3480-e8e2a817c80e', 'NVL-11914', 'Rodney974', '35e773ea-5d44-2dda-26a8-6d513e380bde', '7c48a057-3c21-3db0-06a4-60fcae00630c', 273, 'Ghi chú nguyên vật liệu', '2023-08-24', NULL, NULL, NULL, NULL),
('766ded40-1b39-7d8a-2180-e8e2a817c80e', 'NVL-16416', 'Rodgers1963', '35e773ea-5d44-2dda-26a8-6d513e380bde', '7c48a057-3c21-3db0-06a4-60fcae00630c', 265, 'Ghi chú nguyên vật liệu', '2022-11-08', NULL, NULL, NULL, NULL),
('767111e6-3dbc-615a-0880-e8e2a817c80e', 'NVL-25364', 'Camila492', '35e773ea-5d44-2dda-26a8-6d513e380bde', '7c48a057-3c21-3db0-06a4-60fcae00630c', 95, 'Ghi chú nguyên vật liệu', '2023-08-07', NULL, NULL, NULL, NULL),
('7686595d-16d5-33b3-0080-e8e2a817c80e', 'NVL-41806', 'Woodrow2009', '35e773ea-5d44-2dda-26a8-6d513e380bde', '7c48a057-3c21-3db0-06a4-60fcae00630c', 762, 'Ghi chú nguyên vật liệu', '2024-07-30', NULL, NULL, NULL, NULL),
('768f8e64-7d10-20c9-967d-e8c757976496', 'NVL-44963', 'Shenita2027', '35e773ea-5d44-2dda-26a8-6d513e380bde', '7c48a057-3c21-3db0-06a4-60fcae00630c', 361, 'Ghi chú nguyên vật liệu', '2024-11-20', NULL, NULL, NULL, NULL),
('76e957e1-4ab8-6247-9932-6a1673ffca7c', 'NVL-45381', 'Alexis1991', '35e773ea-5d44-2dda-26a8-6d513e380bde', '7c48a057-3c21-3db0-06a4-60fcae00630c', 74, 'Ghi chú nguyên vật liệu', '2022-04-15', NULL, NULL, NULL, NULL),
('77016ebc-3b8c-5807-3ecb-66948daf6128', 'NVL-71155', 'Rice2028', '35e773ea-5d44-2dda-26a8-6d513e380bde', '7c48a057-3c21-3db0-06a4-60fcae00630c', 328, 'Ghi chú nguyên vật liệu', '2024-03-24', NULL, NULL, NULL, NULL),
('771e3dd1-42bb-2339-acdb-e5d54223c257', 'NVL-11027', 'Lanette688', '35e773ea-5d44-2dda-26a8-6d513e380bde', '7c48a057-3c21-3db0-06a4-60fcae00630c', 930, 'Ghi chú nguyên vật liệu', '2024-03-17', NULL, NULL, NULL, NULL),
('7720013e-2bac-7a1a-3fcb-66948daf6128', 'NVL-10653', 'Booker555', '35e773ea-5d44-2dda-26a8-6d513e380bde', '7c48a057-3c21-3db0-06a4-60fcae00630c', 453, 'Ghi chú nguyên vật liệu', '2022-12-08', NULL, NULL, NULL, NULL),
('773acde0-4741-351b-6992-08c864661f9c', 'NVL-05792', 'Hatley1965', '35e773ea-5d44-2dda-26a8-6d513e380bde', '7c48a057-3c21-3db0-06a4-60fcae00630c', 854, 'Ghi chú nguyên vật liệu', '2024-11-29', NULL, NULL, NULL, NULL),
('777694f5-489a-261b-0d18-7000f455f3d5', 'NVL-64363', 'Adamson1966', '35e773ea-5d44-2dda-26a8-6d513e380bde', '7c48a057-3c21-3db0-06a4-60fcae00630c', 530, 'Ghi chú nguyên vật liệu', '2024-02-20', NULL, NULL, NULL, NULL),
('7834fe70-20bc-168e-1c18-7000f455f3d5', 'NVL-55972', 'Vail8', '35e773ea-5d44-2dda-26a8-6d513e380bde', '7c48a057-3c21-3db0-06a4-60fcae00630c', 841, 'Ghi chú nguyên vật liệu', '2022-06-17', NULL, NULL, NULL, NULL),
('784cc6e1-2b46-7af4-cddb-e5d54223c257', 'NVL-07718', 'Coughlin95', '35e773ea-5d44-2dda-26a8-6d513e380bde', '7c48a057-3c21-3db0-06a4-60fcae00630c', 760, 'Ghi chú nguyên vật liệu', '2023-05-02', NULL, NULL, NULL, NULL),
('787f6a58-4353-21fd-93dd-867949feb8b5', 'NVL-58937', 'Abreu434', '35e773ea-5d44-2dda-26a8-6d513e380bde', '7c48a057-3c21-3db0-06a4-60fcae00630c', 671, 'Ghi chú nguyên vật liệu', '2024-09-15', NULL, NULL, NULL, NULL),
('791b9e6b-6010-1e33-b0db-e5d54223c257', 'NVL-25965', 'Waneta756', '35e773ea-5d44-2dda-26a8-6d513e380bde', '7c48a057-3c21-3db0-06a4-60fcae00630c', 640, 'Ghi chú nguyên vật liệu', '2024-07-29', NULL, NULL, NULL, NULL),
('79fa8253-391f-4864-b2db-e5d54223c257', 'NVL-49470', 'Carol263', '35e773ea-5d44-2dda-26a8-6d513e380bde', '7c48a057-3c21-3db0-06a4-60fcae00630c', 140, 'Ghi chú nguyên vật liệu', '2022-09-08', NULL, NULL, NULL, NULL),
('7a6997da-29dc-11d3-30cb-66948daf6128', 'NVL-19987', 'Basil1984', '35e773ea-5d44-2dda-26a8-6d513e380bde', '7c48a057-3c21-3db0-06a4-60fcae00630c', 571, 'Ghi chú nguyên vật liệu', '2022-08-19', NULL, NULL, NULL, NULL),
('7a8200c3-7abd-4d33-1f18-7000f455f3d5', 'NVL-48151', 'Marion2001', '35e773ea-5d44-2dda-26a8-6d513e380bde', '7c48a057-3c21-3db0-06a4-60fcae00630c', 913, 'Ghi chú nguyên vật liệu', '2024-04-02', NULL, NULL, NULL, NULL),
('7ab88ffb-2470-5e16-0a18-7000f455f3d5', 'NVL-75716', 'Weston78', '35e773ea-5d44-2dda-26a8-6d513e380bde', '7c48a057-3c21-3db0-06a4-60fcae00630c', 50, 'Ghi chú nguyên vật liệu', '2024-01-12', NULL, NULL, NULL, NULL),
('7abe18db-2b8a-5fcb-aedb-e5d54223c257', 'NVL-40421', 'Tandra1967', '35e773ea-5d44-2dda-26a8-6d513e380bde', '7c48a057-3c21-3db0-06a4-60fcae00630c', 886, 'Ghi chú nguyên vật liệu', '2023-06-27', NULL, NULL, NULL, NULL),
('7ad22e8b-6ee7-6b39-8892-08c864661f9c', 'NVL-67095', 'Werner1979', '35e773ea-5d44-2dda-26a8-6d513e380bde', '7c48a057-3c21-3db0-06a4-60fcae00630c', 991, 'Ghi chú nguyên vật liệu', NULL, NULL, NULL, NULL, NULL),
('7b7b5c0a-6734-2ca0-45cb-66948daf6128', 'NVL-18807', 'Elinor551', '35e773ea-5d44-2dda-26a8-6d513e380bde', '7c48a057-3c21-3db0-06a4-60fcae00630c', 875, 'Ghi chú nguyên vật liệu', '2024-09-01', NULL, NULL, NULL, NULL),
('7b808a79-129e-4370-0018-7000f455f3d5', 'NVL-82172', 'Cary2007', '35e773ea-5d44-2dda-26a8-6d513e380bde', '7c48a057-3c21-3db0-06a4-60fcae00630c', 140, 'Ghi chú nguyên vật liệu', '2022-04-20', NULL, NULL, NULL, NULL),
('7bcd01ed-133f-552e-8992-08c864661f9c', 'NVL-74038', 'Billings51', '35e773ea-5d44-2dda-26a8-6d513e380bde', '7c48a057-3c21-3db0-06a4-60fcae00630c', 521, 'Ghi chú nguyên vật liệu', '2024-04-14', NULL, NULL, NULL, NULL),
('7bec5682-21c4-666f-a8db-e5d54223c257', 'NVL-58708', 'Doyle2', '35e773ea-5d44-2dda-26a8-6d513e380bde', '7c48a057-3c21-3db0-06a4-60fcae00630c', 983, 'Ghi chú nguyên vật liệu', '2022-04-15', NULL, NULL, NULL, NULL),
('7c0b49c1-2ed6-3582-1518-7000f455f3d5', 'NVL-23890', 'Micah184', '35e773ea-5d44-2dda-26a8-6d513e380bde', '7c48a057-3c21-3db0-06a4-60fcae00630c', 809, 'Ghi chú nguyên vật liệu', '2024-04-15', NULL, NULL, NULL, NULL),
('7c3f8673-49b6-2937-0f18-7000f455f3d5', 'NVL-39419', 'Agustin92', '35e773ea-5d44-2dda-26a8-6d513e380bde', '7c48a057-3c21-3db0-06a4-60fcae00630c', 80, 'Ghi chú nguyên vật liệu', '2022-07-09', NULL, NULL, NULL, NULL),
('7c5b64d2-1da9-263f-8792-08c864661f9c', 'NVL-09442', 'Latia1971', '35e773ea-5d44-2dda-26a8-6d513e380bde', '7c48a057-3c21-3db0-06a4-60fcae00630c', 524, 'Ghi chú nguyên vật liệu', '2024-12-02', NULL, NULL, NULL, NULL),
('7c67647c-427e-31e0-94dd-867949feb8b5', 'NVL-24542', 'Xiao1973', '35e773ea-5d44-2dda-26a8-6d513e380bde', '7c48a057-3c21-3db0-06a4-60fcae00630c', 117, 'Ghi chú nguyên vật liệu', '2023-09-09', NULL, NULL, NULL, NULL),
('7c6a2a90-6ea1-133c-7492-08c864661f9c', 'NVL-15883', 'Madie1971', '35e773ea-5d44-2dda-26a8-6d513e380bde', '7c48a057-3c21-3db0-06a4-60fcae00630c', 236, 'Ghi chú nguyên vật liệu', '2022-11-20', NULL, NULL, NULL, NULL),
('7c781e35-1cdb-122b-a2dd-867949feb8b5', 'NVL-48333', 'Carson2027', '35e773ea-5d44-2dda-26a8-6d513e380bde', '7c48a057-3c21-3db0-06a4-60fcae00630c', 278, 'Ghi chú nguyên vật liệu', '2023-02-06', NULL, NULL, NULL, NULL),
('7c947f0c-2a30-3540-1f63-eeb1d8ed8cef', 'NVL-78287', 'Jimenez298', '35e773ea-5d44-2dda-26a8-6d513e380bde', '7c48a057-3c21-3db0-06a4-60fcae00630c', 295, 'Ghi chú nguyên vật liệu', '2022-10-13', NULL, NULL, NULL, NULL),
('7cb7a01c-3941-7b6c-a932-6a1673ffca7c', 'NVL-42030', 'Tamica9', '35e773ea-5d44-2dda-26a8-6d513e380bde', '7c48a057-3c21-3db0-06a4-60fcae00630c', 689, 'Ghi chú nguyên vật liệu', '2023-10-19', NULL, NULL, NULL, NULL),
('7d663944-7eb7-7c68-8add-867949feb8b5', 'NVL-46200', 'Arnold5', '35e773ea-5d44-2dda-26a8-6d513e380bde', '7c48a057-3c21-3db0-06a4-60fcae00630c', 972, 'Ghi chú nguyên vật liệu', '2022-05-30', NULL, NULL, NULL, NULL),
('7dbdf5fd-6a92-497b-0c80-e8e2a817c80e', 'NVL-66194', 'Bobby386', '35e773ea-5d44-2dda-26a8-6d513e380bde', '7c48a057-3c21-3db0-06a4-60fcae00630c', 682, 'Ghi chú nguyên vật liệu', '2024-06-28', NULL, NULL, NULL, NULL),
('7e060e91-779e-153b-c67d-e8c757976496', 'NVL-92128', 'Clement1953', '35e773ea-5d44-2dda-26a8-6d513e380bde', '7c48a057-3c21-3db0-06a4-60fcae00630c', 489, 'Ghi chú nguyên vật liệu', '2022-04-20', NULL, NULL, NULL, NULL),
('7e35301f-353b-16c9-b190-67245e8b283e', 'NVL-87391', 'Sanjuanita1978', '35e773ea-5d44-2dda-26a8-6d513e380bde', '7c48a057-3c21-3db0-06a4-60fcae00630c', 816, 'Ghi chú nguyên vật liệu', '2023-04-03', NULL, NULL, NULL, NULL),
('7e4a64ed-3925-5bb5-6392-08c864661f9c', 'NVL-76206', 'Velasquez896', '35e773ea-5d44-2dda-26a8-6d513e380bde', '7c48a057-3c21-3db0-06a4-60fcae00630c', 987, 'Ghi chú nguyên vật liệu', NULL, NULL, NULL, NULL, NULL),
('7e8f50b2-5100-74d8-0480-e8e2a817c80e', 'NVL-99286', 'Carden228', '35e773ea-5d44-2dda-26a8-6d513e380bde', '7c48a057-3c21-3db0-06a4-60fcae00630c', 566, 'Ghi chú nguyên vật liệu', '2022-06-17', NULL, NULL, NULL, NULL),
('7efaee7f-16d3-62bb-99dd-867949feb8b5', 'NVL-81696', 'Kermit791', '35e773ea-5d44-2dda-26a8-6d513e380bde', '7c48a057-3c21-3db0-06a4-60fcae00630c', 700, 'Ghi chú nguyên vật liệu', '2022-08-27', NULL, NULL, NULL, NULL),
('7f3d5027-1858-6752-1080-e8e2a817c80e', 'NVL-06105', 'Ai1955', '35e773ea-5d44-2dda-26a8-6d513e380bde', '7c48a057-3c21-3db0-06a4-60fcae00630c', 10, 'Ghi chú nguyên vật liệu', '2024-04-03', NULL, NULL, NULL, NULL),
('7f4552ee-20f2-2f82-9890-67245e8b283e', 'NVL-86033', 'Palmer854', '35e773ea-5d44-2dda-26a8-6d513e380bde', '7c48a057-3c21-3db0-06a4-60fcae00630c', 399, 'Ghi chú nguyên vật liệu', '2025-02-15', NULL, NULL, NULL, NULL),
('7f609b3d-31d7-548b-0318-7000f455f3d5', 'NVL-38068', 'Abby23', '35e773ea-5d44-2dda-26a8-6d513e380bde', '7c48a057-3c21-3db0-06a4-60fcae00630c', 514, 'Ghi chú nguyên vật liệu', '2022-06-08', NULL, NULL, NULL, NULL),
('7f612ecb-43f9-3694-3580-e8e2a817c80e', 'NVL-91670', 'Shin86', '35e773ea-5d44-2dda-26a8-6d513e380bde', '7c48a057-3c21-3db0-06a4-60fcae00630c', 640, 'Ghi chú nguyên vật liệu', '2023-01-19', NULL, NULL, NULL, NULL),
('7f662b42-535c-433b-6c92-08c864661f9c', 'NVL-83042', 'Paredes9', '35e773ea-5d44-2dda-26a8-6d513e380bde', '7c48a057-3c21-3db0-06a4-60fcae00630c', 990, 'Ghi chú nguyên vật liệu', '2025-02-13', NULL, NULL, NULL, NULL),
('7fb1076f-11a9-51e5-af32-6a1673ffca7c', 'NVL-98203', 'Blair319', '35e773ea-5d44-2dda-26a8-6d513e380bde', '7c48a057-3c21-3db0-06a4-60fcae00630c', 316, 'Ghi chú nguyên vật liệu', '2022-05-19', NULL, NULL, NULL, NULL),
('7fe66336-61af-74c3-9732-6a1673ffca7c', 'NVL-12438', 'Baer1997', '35e773ea-5d44-2dda-26a8-6d513e380bde', '7c48a057-3c21-3db0-06a4-60fcae00630c', 335, 'Ghi chú nguyên vật liệu', '2023-07-08', NULL, NULL, NULL, NULL),
('8352e881-bc8a-11ec-a6c2-6ee638634b4c', 'R99806', 'Rượu', '35e773ea-5d44-2dda-26a8-6d513e380bde', '78aafe4a-67a7-2076-3bf3-eb0223d0a4f7', 200, 'Rượu táo mèo', '2023-12-30', NULL, '2022-04-15 14:05:49', NULL, '2022-04-15 14:16:24'),
('89081312-bc8b-11ec-a6c2-6ee638634b4c', 'SC99808', 'Sữa chua', '647a538e-630d-39cd-0144-e5a214c15aa7', '75cce5a6-4f7f-3671-3cf3-eb0223d0a4f7', 12222, 'Sữa chua không đường', '2022-12-29', NULL, '2022-04-15 14:13:08', NULL, '2022-04-15 14:15:54'),
('916c50c1-bca2-11ec-a6c2-6ee638634b4c', 'DG99821', 'Dầu gội', '35e773ea-5d44-2dda-26a8-6d513e380bde', '6420763d-bc8e-11ec-a6c2-6ee638634b4c', 123, 'Dầu gội đầu', '2025-12-27', NULL, '2022-04-15 16:58:01', NULL, NULL),
('9900465a-bc8e-11ec-a6c2-6ee638634b4c', 'ĐG99811', 'Đùi gà', '647a538e-630d-39cd-0144-e5a214c15aa7', '642f92a2-bc8e-11ec-a6c2-6ee638634b4c', 10000, '500g/1 hộp', '2023-12-30', NULL, '2022-04-15 14:35:04', NULL, NULL),
('a2311f41-bc8e-11ec-a6c2-6ee638634b4c', 'MĐG99812', 'Má đùi gà', '647a538e-630d-39cd-0144-e5a214c15aa7', '642f93b9-bc8e-11ec-a6c2-6ee638634b4c', 10000, '500g/1 hộp', '2023-12-30', NULL, '2022-04-15 14:35:19', NULL, NULL),
('a77997ac-bc8d-11ec-a6c2-6ee638634b4c', 'TS99810', 'Trà sữa', '9b91e1f8-bc8d-11ec-a6c2-6ee638634b4c', '75cce5a6-4f7f-3671-3cf3-eb0223d0a4f7', 10000, NULL, '2023-12-30', NULL, '2022-04-15 14:28:18', NULL, '2022-04-18 17:00:14'),
('ac54863d-bc8e-11ec-a6c2-6ee638634b4c', 'ỨG99813', 'Ức gà', '647a538e-630d-39cd-0144-e5a214c15aa7', '642f93b9-bc8e-11ec-a6c2-6ee638634b4c', 10000, '500g/1 hộp', '2023-12-30', NULL, '2022-04-15 14:35:36', NULL, NULL),
('bdb09aee-bf93-11ec-aae2-7a1b18277f06', 'ABC99908790', 'Cà chua', '58a7e4eb-bc8c-11ec-a6c2-6ee638634b4c', '75cce5a6-4f7f-3671-3cf3-eb0223d0a4f7', 1000, 'Cà chua', '2022-04-19', NULL, '2022-04-19 10:49:35', NULL, NULL),
('c023e303-bc8e-11ec-a6c2-6ee638634b4c', 'STKĐ99814', 'Sữa tươi không đường', '647a538e-630d-39cd-0144-e5a214c15aa7', '642f8de3-bc8e-11ec-a6c2-6ee638634b4c', 10000, '330ml/1 hộp', '2023-12-30', NULL, '2022-04-15 14:36:09', NULL, NULL),
('cf87b264-bc8e-11ec-a6c2-6ee638634b4c', 'BĐP99815', 'Bơ đậu phộng', '647a538e-630d-39cd-0144-e5a214c15aa7', '642f8de3-bc8e-11ec-a6c2-6ee638634b4c', 10000, '100g/1 hộp', '2023-12-30', NULL, '2022-04-15 14:36:35', NULL, NULL),
('d554c532-bc8b-11ec-a6c2-6ee638634b4c', 'CĂLGĐ99809', 'Cháo ăn liền Gấu đỏ', '58a7e4eb-bc8c-11ec-a6c2-6ee638634b4c', '7c48a057-3c21-3db0-06a4-60fcae00630c', 123, 'Cháo thịt băm', '2022-04-15', NULL, '2022-04-15 14:15:16', NULL, '2022-04-15 14:19:39'),
('e1b16a1d-bf92-11ec-aae2-7a1b18277f06', 'ABC99908788', 'Cà chua', '58a7e4eb-bc8c-11ec-a6c2-6ee638634b4c', '75cce5a6-4f7f-3671-3cf3-eb0223d0a4f7', 1000, 'Cà chua', '2022-04-19', NULL, '2022-04-19 10:43:26', NULL, NULL);

-- 
-- Dumping data for table unitconversion
--
INSERT INTO unitconversion VALUES
('0b3268ea-bc8f-11ec-a6c2-6ee638634b4c', '3f8e6896-4c7d-15f5-a018-75d8bd200d7c', '0b243c1e-bc8f-11ec-a6c2-6ee638634b4c', 24, 3, NULL, '2022-04-15 14:38:15', NULL, NULL),
('0eb81a99-beb6-11ec-a5ac-6bd8fc6506eb', '3f8e6896-4c7d-15f5-a018-75d8bd200d7c', '0eb1d49b-beb6-11ec-a5ac-6bd8fc6506eb', 40, 3, NULL, '2022-04-18 08:22:40', NULL, NULL),
('1113bff9-7186-5b43-68be-406293204378', '3f8e6896-4c7d-15f5-a018-75d8bd200d7c', '674d5ce7-7f5f-2fd8-2f63-eeb1d8ed8cef', 24, 3, NULL, NULL, NULL, NULL),
('118a2f72-155f-22a8-a10b-87ae14180c33', '3f8e6896-4c7d-15f5-a018-75d8bd200d7c', '6bbaa6b2-5caa-16cb-36cb-66948daf6128', 24, 3, NULL, NULL, NULL, NULL),
('12437806-26ac-3517-9c0b-87ae14180c33', '3f8e6896-4c7d-15f5-a018-75d8bd200d7c', '1599fa50-7415-707f-8092-08c864661f9c', 24, 3, NULL, NULL, NULL, NULL),
('1243e484-71c4-79ac-2bcf-9712082ff6cb', '3f8e6896-4c7d-15f5-a018-75d8bd200d7c', '72ce912f-6015-2e14-fb17-7000f455f3d5', 24, 3, NULL, NULL, NULL, NULL),
('12596832-6652-2047-9ec0-08fd2f807219', '3f8e6896-4c7d-15f5-a018-75d8bd200d7c', '2ea2cc59-4a75-15b2-d7db-e5d54223c257', 24, 3, NULL, NULL, NULL, NULL),
('12ed36a1-1f48-34d5-97d5-ba100c6f7bce', '3f8e6896-4c7d-15f5-a018-75d8bd200d7c', '67097f92-5629-4ea7-44cb-66948daf6128', 24, 3, NULL, NULL, NULL, NULL),
('13486c96-60ab-3b41-5229-a2925c0f334d', '3f8e6896-4c7d-15f5-a018-75d8bd200d7c', '1aa0e98e-1db8-60c0-1d80-e8e2a817c80e', 24, 3, NULL, NULL, NULL, NULL),
('135412a8-63c7-3426-1fcf-9712082ff6cb', '3f8e6896-4c7d-15f5-a018-75d8bd200d7c', '23852a17-6e0a-78e1-c87d-e8c757976496', 24, 3, NULL, NULL, NULL, NULL),
('14146ceb-2f77-385d-90d5-ba100c6f7bce', '3f8e6896-4c7d-15f5-a018-75d8bd200d7c', '40036f5e-657f-2c3d-9f7d-e8c757976496', 24, 3, NULL, NULL, NULL, NULL),
('141c1aaa-44cb-3109-acd5-ba100c6f7bce', '3f8e6896-4c7d-15f5-a018-75d8bd200d7c', '2134f868-7147-79fa-c5db-e5d54223c257', 24, 3, NULL, NULL, NULL, NULL),
('143ed23d-492d-7f1d-1784-196123975cb2', '3f8e6896-4c7d-15f5-a018-75d8bd200d7c', '55956549-7945-2d5f-7992-08c864661f9c', 24, 3, NULL, NULL, NULL, NULL),
('144edaf9-3dcb-1a64-0484-196123975cb2', '3f8e6896-4c7d-15f5-a018-75d8bd200d7c', '25efaa0a-2220-4655-20cb-66948daf6128', 24, 3, NULL, NULL, NULL, NULL),
('14701676-14a3-2e5e-cd20-39c2f00615e8', '3f8e6896-4c7d-15f5-a018-75d8bd200d7c', '179d5bc0-2405-67f7-9590-67245e8b283e', 24, 3, NULL, NULL, NULL, NULL),
('148ed882-32b8-218e-9c20-39c2f00615e8', '3f8e6896-4c7d-15f5-a018-75d8bd200d7c', '16404eb2-7191-78a5-38cb-66948daf6128', 24, 3, NULL, NULL, NULL, NULL),
('149fb958-744f-70c6-7709-bf1378b8dc91', '3f8e6896-4c7d-15f5-a018-75d8bd200d7c', '6363f9c4-2478-3433-2018-7000f455f3d5', 24, 3, NULL, NULL, NULL, NULL),
('14b9e7e2-459c-5148-b30b-87ae14180c33', '3f8e6896-4c7d-15f5-a018-75d8bd200d7c', '4eebff13-3b4d-17d0-9632-6a1673ffca7c', 24, 3, NULL, NULL, NULL, NULL),
('14c382be-46a2-2339-b4d5-ba100c6f7bce', '3f8e6896-4c7d-15f5-a018-75d8bd200d7c', '19f32c68-4021-603e-9bdd-867949feb8b5', 24, 3, NULL, NULL, NULL, NULL),
('14d72c8c-7ebd-4a10-9bd5-ba100c6f7bce', '3f8e6896-4c7d-15f5-a018-75d8bd200d7c', '1da031ce-7347-6fc1-ff17-7000f455f3d5', 24, 3, NULL, NULL, NULL, NULL),
('14ee7bc0-194c-3948-57be-406293204378', '3f8e6896-4c7d-15f5-a018-75d8bd200d7c', '4ca31fe1-4790-7a9e-2a63-eeb1d8ed8cef', 24, 3, NULL, NULL, NULL, NULL),
('151397f1-5101-7c37-a0c0-08fd2f807219', '3f8e6896-4c7d-15f5-a018-75d8bd200d7c', '5383e9af-2997-5da2-c27d-e8c757976496', 24, 3, NULL, NULL, NULL, NULL),
('1582e3f6-6c6a-3c61-a4c0-08fd2f807219', '3f8e6896-4c7d-15f5-a018-75d8bd200d7c', '2dcedb9c-6c32-7d27-977d-e8c757976496', 24, 3, NULL, NULL, NULL, NULL),
('159f6ad8-1efb-2a12-9cd5-ba100c6f7bce', '3f8e6896-4c7d-15f5-a018-75d8bd200d7c', '46f514e3-3598-177c-6192-08c864661f9c', 24, 3, NULL, NULL, NULL, NULL),
('159f7660-5dcd-73d1-5e29-a2925c0f334d', '3f8e6896-4c7d-15f5-a018-75d8bd200d7c', '30a41998-6506-7724-0918-7000f455f3d5', 24, 3, NULL, NULL, NULL, NULL),
('15cb3909-1246-2add-33de-23e177779933', '3f8e6896-4c7d-15f5-a018-75d8bd200d7c', '7c3f8673-49b6-2937-0f18-7000f455f3d5', 24, 3, NULL, NULL, NULL, NULL),
('15d0d796-1465-4665-fc83-196123975cb2', '3f8e6896-4c7d-15f5-a018-75d8bd200d7c', '70253ec7-2e38-67a9-b1db-e5d54223c257', 24, 3, NULL, NULL, NULL, NULL),
('162d5d1a-66c5-228d-0984-196123975cb2', '3f8e6896-4c7d-15f5-a018-75d8bd200d7c', '4577d899-587b-3afc-39cb-66948daf6128', 24, 3, NULL, NULL, NULL, NULL),
('16417d9b-70f9-6f9f-be0b-87ae14180c33', '3f8e6896-4c7d-15f5-a018-75d8bd200d7c', '38ab3212-448a-218b-b07d-e8c757976496', 24, 3, NULL, NULL, NULL, NULL),
('1681d5da-15b3-13ba-9b09-bf1378b8dc91', '3f8e6896-4c7d-15f5-a018-75d8bd200d7c', '5490f8c0-5e25-1923-9a32-6a1673ffca7c', 24, 3, NULL, NULL, NULL, NULL),
('16e6af4d-26b7-1a41-aac0-08fd2f807219', '3f8e6896-4c7d-15f5-a018-75d8bd200d7c', '1785d6d7-5898-2235-a17d-e8c757976496', 24, 3, NULL, NULL, NULL, NULL),
('1721e531-5a6d-7251-ac0b-87ae14180c33', '3f8e6896-4c7d-15f5-a018-75d8bd200d7c', '62071e5d-7876-6982-a67d-e8c757976496', 24, 3, NULL, NULL, NULL, NULL),
('172c6b1e-53a7-1d99-6ebe-406293204378', '3f8e6896-4c7d-15f5-a018-75d8bd200d7c', '167685bd-6c69-7ce9-c7db-e5d54223c257', 24, 3, NULL, NULL, NULL, NULL),
('17651d6c-67d3-263b-a9c0-08fd2f807219', '3f8e6896-4c7d-15f5-a018-75d8bd200d7c', '768f8e64-7d10-20c9-967d-e8c757976496', 24, 3, NULL, NULL, NULL, NULL),
('178cec0e-34f9-31b2-76be-406293204378', '3f8e6896-4c7d-15f5-a018-75d8bd200d7c', '4e272fc4-7875-78d6-7d32-6a1673ffca7c', 24, 3, NULL, NULL, NULL, NULL),
('1791bb94-7da7-2a8b-8dd5-ba100c6f7bce', '3f8e6896-4c7d-15f5-a018-75d8bd200d7c', '4577d899-587b-3afc-39cb-66948daf6128', 24, 3, NULL, NULL, NULL, NULL),
('179799db-6b13-2fc2-8e09-bf1378b8dc91', '3f8e6896-4c7d-15f5-a018-75d8bd200d7c', '511f2482-76be-16cb-84dd-867949feb8b5', 24, 3, NULL, NULL, NULL, NULL),
('180acfab-7f3d-6000-5a29-a2925c0f334d', '3f8e6896-4c7d-15f5-a018-75d8bd200d7c', '27f8b587-7b4c-665b-2380-e8e2a817c80e', 24, 3, NULL, NULL, NULL, NULL),
('18285e84-56f2-50ef-5429-a2925c0f334d', '3f8e6896-4c7d-15f5-a018-75d8bd200d7c', '30c8ee28-58a3-22f2-5e92-08c864661f9c', 24, 3, NULL, NULL, NULL, NULL),
('182ac03d-3bc5-1d27-7309-bf1378b8dc91', '3f8e6896-4c7d-15f5-a018-75d8bd200d7c', '766ded40-1b39-7d8a-2180-e8e2a817c80e', 24, 3, NULL, NULL, NULL, NULL),
('184d1ec3-7c8a-71f9-99d5-ba100c6f7bce', '3f8e6896-4c7d-15f5-a018-75d8bd200d7c', '1bb57cae-439a-434b-91dd-867949feb8b5', 24, 3, NULL, NULL, NULL, NULL),
('1873592d-62c0-6ef7-5329-a2925c0f334d', '3f8e6896-4c7d-15f5-a018-75d8bd200d7c', '124b4a06-7d39-6835-0980-e8e2a817c80e', 24, 3, NULL, NULL, NULL, NULL),
('1881d488-2966-3ebd-bf0b-87ae14180c33', '3f8e6896-4c7d-15f5-a018-75d8bd200d7c', '321eabe1-3438-223c-2563-eeb1d8ed8cef', 24, 3, NULL, NULL, NULL, NULL),
('1883b3da-1690-6d82-8f09-bf1378b8dc91', '3f8e6896-4c7d-15f5-a018-75d8bd200d7c', '2ff059da-69a9-17a4-fc17-7000f455f3d5', 24, 3, NULL, NULL, NULL, NULL),
('188ce257-2be5-5e5d-1b84-196123975cb2', '3f8e6896-4c7d-15f5-a018-75d8bd200d7c', '179d5bc0-2405-67f7-9590-67245e8b283e', 24, 3, NULL, NULL, NULL, NULL),
('18b097ad-30aa-66c1-7909-bf1378b8dc91', '3f8e6896-4c7d-15f5-a018-75d8bd200d7c', '791b9e6b-6010-1e33-b0db-e5d54223c257', 24, 3, NULL, NULL, NULL, NULL),
('19d3caa4-564a-1b26-4f29-a2925c0f334d', '3f8e6896-4c7d-15f5-a018-75d8bd200d7c', '6cba2f79-4256-3aee-33cb-66948daf6128', 24, 3, NULL, NULL, NULL, NULL),
('1a5cd2db-7c90-4485-9309-bf1378b8dc91', '3f8e6896-4c7d-15f5-a018-75d8bd200d7c', '2bb1c00f-5144-1d08-1818-7000f455f3d5', 24, 3, NULL, NULL, NULL, NULL),
('1a686bd8-6b62-79a7-6d29-a2925c0f334d', '3f8e6896-4c7d-15f5-a018-75d8bd200d7c', '11f7089b-33e6-371a-f817-7000f455f3d5', 24, 3, NULL, NULL, NULL, NULL),
('1a84b3ec-572c-7e97-34cf-9712082ff6cb', '3f8e6896-4c7d-15f5-a018-75d8bd200d7c', '3b4d9771-50bf-531e-a790-67245e8b283e', 24, 3, NULL, NULL, NULL, NULL),
('1ad40580-299d-19a7-3fde-23e177779933', '3f8e6896-4c7d-15f5-a018-75d8bd200d7c', '404fe340-1fd3-414b-aadb-e5d54223c257', 24, 3, NULL, NULL, NULL, NULL),
('1af4b64c-46a1-4e70-abd5-ba100c6f7bce', '3f8e6896-4c7d-15f5-a018-75d8bd200d7c', '5efbfc88-48f0-511d-ad7d-e8c757976496', 24, 3, NULL, NULL, NULL, NULL),
('1b691e79-236d-5b5a-9d20-39c2f00615e8', '3f8e6896-4c7d-15f5-a018-75d8bd200d7c', '39d89101-351e-28f6-9e32-6a1673ffca7c', 24, 3, NULL, NULL, NULL, NULL),
('1b926cb1-7159-5a35-2284-196123975cb2', '3f8e6896-4c7d-15f5-a018-75d8bd200d7c', '48f241fe-4517-6239-b97d-e8c757976496', 24, 3, NULL, NULL, NULL, NULL),
('1c0002bd-6932-7f54-87be-406293204378', '3f8e6896-4c7d-15f5-a018-75d8bd200d7c', '46f514e3-3598-177c-6192-08c864661f9c', 24, 3, NULL, NULL, NULL, NULL),
('1c084cdb-6adc-45b2-6829-a2925c0f334d', '3f8e6896-4c7d-15f5-a018-75d8bd200d7c', '19ae6270-53df-18b1-96dd-867949feb8b5', 24, 3, NULL, NULL, NULL, NULL),
('1c0ea196-11d9-2384-46de-23e177779933', '3f8e6896-4c7d-15f5-a018-75d8bd200d7c', '41d258e3-4445-57ff-ac7d-e8c757976496', 24, 3, NULL, NULL, NULL, NULL),
('1c142e9d-5b5b-7f1f-6329-a2925c0f334d', '3f8e6896-4c7d-15f5-a018-75d8bd200d7c', '371f9300-20c4-4bab-1718-7000f455f3d5', 24, 3, NULL, NULL, NULL, NULL),
('1cf36912-4cde-645e-4bde-23e177779933', '3f8e6896-4c7d-15f5-a018-75d8bd200d7c', '6de8272b-7b3b-319f-8a32-6a1673ffca7c', 24, 3, NULL, NULL, NULL, NULL),
('1d170051-373a-7d1b-c70b-87ae14180c33', '3f8e6896-4c7d-15f5-a018-75d8bd200d7c', '6e0db6cc-1628-6527-c77d-e8c757976496', 24, 3, NULL, NULL, NULL, NULL),
('1d3986c3-11ae-3e82-85c0-08fd2f807219', '3f8e6896-4c7d-15f5-a018-75d8bd200d7c', '6f983f01-51a9-254d-bfdb-e5d54223c257', 24, 3, NULL, NULL, NULL, NULL),
('1d974e92-2a73-4659-5fbe-406293204378', '3f8e6896-4c7d-15f5-a018-75d8bd200d7c', '67229a03-72be-18a3-b390-67245e8b283e', 24, 3, NULL, NULL, NULL, NULL),
('1de4a887-20fc-7c3b-a3c0-08fd2f807219', '3f8e6896-4c7d-15f5-a018-75d8bd200d7c', '3e0dfe55-4fb9-65db-b990-67245e8b283e', 24, 3, NULL, NULL, NULL, NULL),
('1e29c542-713b-1890-b120-39c2f00615e8', '3f8e6896-4c7d-15f5-a018-75d8bd200d7c', '142cb08f-7c31-21fa-8e90-67245e8b283e', 24, 3, NULL, NULL, NULL, NULL),
('1e5a3056-4202-3a07-24cf-9712082ff6cb', '3f8e6896-4c7d-15f5-a018-75d8bd200d7c', '1749d5e5-19d8-6673-bd90-67245e8b283e', 24, 3, NULL, NULL, NULL, NULL),
('1e6ebe17-545a-2bef-45de-23e177779933', '3f8e6896-4c7d-15f5-a018-75d8bd200d7c', '7c947f0c-2a30-3540-1f63-eeb1d8ed8cef', 24, 3, NULL, NULL, NULL, NULL),
('1e86ddc6-7529-7c86-a3d5-ba100c6f7bce', '3f8e6896-4c7d-15f5-a018-75d8bd200d7c', '393f57d3-1db2-51fe-3563-eeb1d8ed8cef', 24, 3, NULL, NULL, NULL, NULL),
('1f2c296d-7b84-3b2d-2784-196123975cb2', '3f8e6896-4c7d-15f5-a018-75d8bd200d7c', '6a4d99cd-242a-6200-7add-867949feb8b5', 24, 3, NULL, NULL, NULL, NULL),
('1f35a25e-29c0-65c5-64be-406293204378', '3f8e6896-4c7d-15f5-a018-75d8bd200d7c', '1599fa50-7415-707f-8092-08c864661f9c', 24, 3, NULL, NULL, NULL, NULL),
('1f94a596-32c4-2a29-8ad5-ba100c6f7bce', '3f8e6896-4c7d-15f5-a018-75d8bd200d7c', '6bbaa6b2-5caa-16cb-36cb-66948daf6128', 24, 3, NULL, NULL, NULL, NULL),
('1fd43063-1155-5f39-1dcf-9712082ff6cb', '3f8e6896-4c7d-15f5-a018-75d8bd200d7c', '12b03912-3779-2c62-2b63-eeb1d8ed8cef', 24, 3, NULL, NULL, NULL, NULL),
('1fdc2ec4-5633-6f3c-73be-406293204378', '3f8e6896-4c7d-15f5-a018-75d8bd200d7c', '7050d79b-6948-3c66-1fcb-66948daf6128', 24, 3, NULL, NULL, NULL, NULL),
('201328e5-6594-725d-8ed5-ba100c6f7bce', '3f8e6896-4c7d-15f5-a018-75d8bd200d7c', '791b9e6b-6010-1e33-b0db-e5d54223c257', 24, 3, NULL, NULL, NULL, NULL),
('2049e1ad-705f-4921-1084-196123975cb2', '3f8e6896-4c7d-15f5-a018-75d8bd200d7c', '41b358c6-4122-1369-3780-e8e2a817c80e', 24, 3, NULL, NULL, NULL, NULL),
('204c0070-4a99-51b1-7209-bf1378b8dc91', '3f8e6896-4c7d-15f5-a018-75d8bd200d7c', '18748437-1876-12e0-2063-eeb1d8ed8cef', 24, 3, NULL, NULL, NULL, NULL),
('205570c6-54d6-6f01-2084-196123975cb2', '3f8e6896-4c7d-15f5-a018-75d8bd200d7c', '239aed9c-3cda-1b2f-1980-e8e2a817c80e', 24, 3, NULL, NULL, NULL, NULL),
('20578f64-7427-345f-75be-406293204378', '3f8e6896-4c7d-15f5-a018-75d8bd200d7c', '14cee37e-3a57-4928-ac90-67245e8b283e', 24, 3, NULL, NULL, NULL, NULL),
('205ea715-6eaf-2ba3-48de-23e177779933', '3f8e6896-4c7d-15f5-a018-75d8bd200d7c', '48adb0bd-7040-1241-6e92-08c864661f9c', 24, 3, NULL, NULL, NULL, NULL),
('2068720a-6284-3ff0-a0d5-ba100c6f7bce', '3f8e6896-4c7d-15f5-a018-75d8bd200d7c', '141eea25-7b62-62de-8832-6a1673ffca7c', 24, 3, NULL, NULL, NULL, NULL),
('2085833e-5d6e-1fa2-c90b-87ae14180c33', '3f8e6896-4c7d-15f5-a018-75d8bd200d7c', '439cdac8-4380-1e2d-0f63-eeb1d8ed8cef', 24, 3, NULL, NULL, NULL, NULL),
('20bbbd0b-3c4a-7d94-6f09-bf1378b8dc91', '3f8e6896-4c7d-15f5-a018-75d8bd200d7c', '7efaee7f-16d3-62bb-99dd-867949feb8b5', 24, 3, NULL, NULL, NULL, NULL),
('20f2b345-128d-5db0-2684-196123975cb2', '3f8e6896-4c7d-15f5-a018-75d8bd200d7c', '30c8ee28-58a3-22f2-5e92-08c864661f9c', 24, 3, NULL, NULL, NULL, NULL),
('21443ed2-2921-5e70-80be-406293204378', '3f8e6896-4c7d-15f5-a018-75d8bd200d7c', '31ef6ac9-28ad-465a-2363-eeb1d8ed8cef', 24, 3, NULL, NULL, NULL, NULL),
('2163a368-45fd-5130-2984-196123975cb2', '3f8e6896-4c7d-15f5-a018-75d8bd200d7c', '159268a1-7e47-6b20-1618-7000f455f3d5', 24, 3, NULL, NULL, NULL, NULL),
('219c1db1-5f3d-2c98-72be-406293204378', '3f8e6896-4c7d-15f5-a018-75d8bd200d7c', '3e0dfe55-4fb9-65db-b990-67245e8b283e', 24, 3, NULL, NULL, NULL, NULL),
('21e493d8-5f8e-64f1-c020-39c2f00615e8', '3f8e6896-4c7d-15f5-a018-75d8bd200d7c', '257ea484-501b-1644-7cdd-867949feb8b5', 24, 3, NULL, NULL, NULL, NULL),
('2243a6fe-721d-6d6e-b20b-87ae14180c33', '3f8e6896-4c7d-15f5-a018-75d8bd200d7c', '2c7af5cb-448b-1c53-a57d-e8c757976496', 24, 3, NULL, NULL, NULL, NULL),
('226c1496-44be-1aa1-a309-bf1378b8dc91', '3f8e6896-4c7d-15f5-a018-75d8bd200d7c', '17120d02-6ab5-3e43-18cb-66948daf6128', 24, 3, NULL, NULL, NULL, NULL),
('22b46f5b-19ce-529f-0284-196123975cb2', '3f8e6896-4c7d-15f5-a018-75d8bd200d7c', '43dc601f-415f-5b76-1b80-e8e2a817c80e', 24, 3, NULL, NULL, NULL, NULL),
('22f0ee67-71a9-39fb-c920-39c2f00615e8', '3f8e6896-4c7d-15f5-a018-75d8bd200d7c', '24db4fc4-13d0-293c-be90-67245e8b283e', 24, 3, NULL, NULL, NULL, NULL),
('22f29725-54f0-11f0-9d0b-87ae14180c33', '3f8e6896-4c7d-15f5-a018-75d8bd200d7c', '5c63ba8f-59bb-6d2f-9990-67245e8b283e', 24, 3, NULL, NULL, NULL, NULL),
('234d2569-6b1c-720c-9f20-39c2f00615e8', '3f8e6896-4c7d-15f5-a018-75d8bd200d7c', '317b7b12-2745-4dc6-a590-67245e8b283e', 24, 3, NULL, NULL, NULL, NULL),
('23f8fac4-7a52-2938-29cf-9712082ff6cb', '3f8e6896-4c7d-15f5-a018-75d8bd200d7c', '791b9e6b-6010-1e33-b0db-e5d54223c257', 24, 3, NULL, NULL, NULL, NULL),
('243df0da-6a05-131c-99c0-08fd2f807219', '3f8e6896-4c7d-15f5-a018-75d8bd200d7c', '6916f8cf-1279-16d8-9290-67245e8b283e', 24, 3, NULL, NULL, NULL, NULL),
('24424793-1be2-6049-8809-bf1378b8dc91', '3f8e6896-4c7d-15f5-a018-75d8bd200d7c', '3590dd80-43d2-1325-8732-6a1673ffca7c', 24, 3, NULL, NULL, NULL, NULL),
('2484d5ca-483f-7f3b-25cf-9712082ff6cb', '3f8e6896-4c7d-15f5-a018-75d8bd200d7c', '1d81f1ef-7791-31a5-1780-e8e2a817c80e', 24, 3, NULL, NULL, NULL, NULL),
('24a2a2af-7ace-3f2d-0d84-196123975cb2', '3f8e6896-4c7d-15f5-a018-75d8bd200d7c', '141eea25-7b62-62de-8832-6a1673ffca7c', 24, 3, NULL, NULL, NULL, NULL),
('24e6ddc4-2a9e-5526-8abe-406293204378', '3f8e6896-4c7d-15f5-a018-75d8bd200d7c', '22f831e3-5d4e-3508-1480-e8e2a817c80e', 24, 3, NULL, NULL, NULL, NULL),
('2520d168-1494-4217-89d5-ba100c6f7bce', '3f8e6896-4c7d-15f5-a018-75d8bd200d7c', '68f8c9eb-65f9-2cfc-0e18-7000f455f3d5', 24, 3, NULL, NULL, NULL, NULL),
('2535c718-4dd9-311b-8cd5-ba100c6f7bce', '3f8e6896-4c7d-15f5-a018-75d8bd200d7c', '207bba19-49aa-63f4-88dd-867949feb8b5', 24, 3, NULL, NULL, NULL, NULL),
('25502e11-38ba-4c53-fe83-196123975cb2', '3f8e6896-4c7d-15f5-a018-75d8bd200d7c', '48c40821-1c72-189a-6792-08c864661f9c', 24, 3, NULL, NULL, NULL, NULL),
('25c05a16-5c5b-3c9d-94c0-08fd2f807219', '3f8e6896-4c7d-15f5-a018-75d8bd200d7c', '4943c139-6a49-4d6e-1663-eeb1d8ed8cef', 24, 3, NULL, NULL, NULL, NULL),
('25c6c36e-1668-7d10-6e09-bf1378b8dc91', '3f8e6896-4c7d-15f5-a018-75d8bd200d7c', '2c7af5cb-448b-1c53-a57d-e8c757976496', 24, 3, NULL, NULL, NULL, NULL),
('25f32141-350c-72c4-b1d5-ba100c6f7bce', '3f8e6896-4c7d-15f5-a018-75d8bd200d7c', '565bfd25-1bf1-3d0a-d8db-e5d54223c257', 24, 3, NULL, NULL, NULL, NULL),
('2656271b-5fe7-7cb6-af0b-87ae14180c33', '3f8e6896-4c7d-15f5-a018-75d8bd200d7c', '45536100-7fba-5a99-24cb-66948daf6128', 24, 3, NULL, NULL, NULL, NULL),
('26d255b1-6acc-4dfb-b6d5-ba100c6f7bce', '3f8e6896-4c7d-15f5-a018-75d8bd200d7c', '67e96914-5601-39e5-98dd-867949feb8b5', 24, 3, NULL, NULL, NULL, NULL),
('26d92d8f-2b3a-2643-38cf-9712082ff6cb', '3f8e6896-4c7d-15f5-a018-75d8bd200d7c', '301ebeb4-170a-7cd7-bb90-67245e8b283e', 24, 3, NULL, NULL, NULL, NULL),
('26de5798-48e1-14d3-9f0b-87ae14180c33', '3f8e6896-4c7d-15f5-a018-75d8bd200d7c', '784cc6e1-2b46-7af4-cddb-e5d54223c257', 24, 3, NULL, NULL, NULL, NULL),
('2741524d-3800-658f-6fbe-406293204378', '3f8e6896-4c7d-15f5-a018-75d8bd200d7c', '22f831e3-5d4e-3508-1480-e8e2a817c80e', 24, 3, NULL, NULL, NULL, NULL),
('2759d946-7321-7e3a-71be-406293204378', '3f8e6896-4c7d-15f5-a018-75d8bd200d7c', '7f609b3d-31d7-548b-0318-7000f455f3d5', 24, 3, NULL, NULL, NULL, NULL),
('27dfb27b-28e5-3ac9-27cf-9712082ff6cb', '3f8e6896-4c7d-15f5-a018-75d8bd200d7c', '1807779e-1207-7282-c3db-e5d54223c257', 24, 3, NULL, NULL, NULL, NULL),
('27e65c52-6c08-2ee0-0f84-196123975cb2', '3f8e6896-4c7d-15f5-a018-75d8bd200d7c', '298c1b06-20c9-3db3-b232-6a1673ffca7c', 24, 3, NULL, NULL, NULL, NULL),
('28018b36-16ff-393b-a020-39c2f00615e8', '3f8e6896-4c7d-15f5-a018-75d8bd200d7c', '2c7af5cb-448b-1c53-a57d-e8c757976496', 24, 3, NULL, NULL, NULL, NULL),
('28955144-6588-500f-0684-196123975cb2', '3f8e6896-4c7d-15f5-a018-75d8bd200d7c', '1599fa50-7415-707f-8092-08c864661f9c', 24, 3, NULL, NULL, NULL, NULL),
('28bb5b3f-5c7f-5bca-a820-39c2f00615e8', '3f8e6896-4c7d-15f5-a018-75d8bd200d7c', '2bf413d3-7a2c-217a-78dd-867949feb8b5', 24, 3, NULL, NULL, NULL, NULL),
('28fb90d1-3ce1-7662-33cf-9712082ff6cb', '3f8e6896-4c7d-15f5-a018-75d8bd200d7c', '725df9dc-25c1-58eb-a490-67245e8b283e', 24, 3, NULL, NULL, NULL, NULL),
('2909a81f-45ba-7e82-3ade-23e177779933', '3f8e6896-4c7d-15f5-a018-75d8bd200d7c', '6c97b353-5d7d-4095-1dcb-66948daf6128', 24, 3, NULL, NULL, NULL, NULL),
('290e436b-5093-6385-a2d5-ba100c6f7bce', '3f8e6896-4c7d-15f5-a018-75d8bd200d7c', '56ea0e4e-18dc-1b50-6f92-08c864661f9c', 24, 3, NULL, NULL, NULL, NULL),
('2915c579-282a-66d4-94d5-ba100c6f7bce', '3f8e6896-4c7d-15f5-a018-75d8bd200d7c', '684b7317-34c4-77ab-a890-67245e8b283e', 24, 3, NULL, NULL, NULL, NULL),
('2917e651-61f8-7f1a-a20b-87ae14180c33', '3f8e6896-4c7d-15f5-a018-75d8bd200d7c', '7bec5682-21c4-666f-a8db-e5d54223c257', 24, 3, NULL, NULL, NULL, NULL),
('29d4382d-1c22-35f0-89be-406293204378', '3f8e6896-4c7d-15f5-a018-75d8bd200d7c', '22f831e3-5d4e-3508-1480-e8e2a817c80e', 24, 3, NULL, NULL, NULL, NULL),
('29d9991f-145f-3468-89c0-08fd2f807219', '3f8e6896-4c7d-15f5-a018-75d8bd200d7c', '56978ca4-3960-6c89-1963-eeb1d8ed8cef', 24, 3, NULL, NULL, NULL, NULL),
('2a283179-7e61-2aa8-b8d5-ba100c6f7bce', '3f8e6896-4c7d-15f5-a018-75d8bd200d7c', '24db4fc4-13d0-293c-be90-67245e8b283e', 24, 3, NULL, NULL, NULL, NULL),
('2a45726f-bc8b-11ec-a6c2-6ee638634b4c', '3f8e6896-4c7d-15f5-a018-75d8bd200d7c', '2a418a7f-bc8b-11ec-a6c2-6ee638634b4c', 24, 3, NULL, '2022-04-15 14:10:29', NULL, NULL),
('2a457688-bc8b-11ec-a6c2-6ee638634b4c', '45ac3d26-18f2-18a9-3031-644313fbb055', '2a418a7f-bc8b-11ec-a6c2-6ee638634b4c', 1, 3, NULL, '2022-04-15 14:10:29', NULL, NULL),
('2af0c7d2-1130-5adf-0a84-196123975cb2', '3f8e6896-4c7d-15f5-a018-75d8bd200d7c', '7ad22e8b-6ee7-6b39-8892-08c864661f9c', 24, 3, NULL, NULL, NULL, NULL),
('2baca622-3323-16da-a5c0-08fd2f807219', '3f8e6896-4c7d-15f5-a018-75d8bd200d7c', '3d705f94-6a1a-64a3-7692-08c864661f9c', 24, 3, NULL, NULL, NULL, NULL),
('2c6981c9-286a-4e7b-88c0-08fd2f807219', '3f8e6896-4c7d-15f5-a018-75d8bd200d7c', '521b544c-2475-2eb0-ae32-6a1673ffca7c', 24, 3, NULL, NULL, NULL, NULL),
('2cc5723c-56c3-7df9-8bd5-ba100c6f7bce', '3f8e6896-4c7d-15f5-a018-75d8bd200d7c', '167685bd-6c69-7ce9-c7db-e5d54223c257', 24, 3, NULL, NULL, NULL, NULL),
('2cce1b43-4946-7962-2184-196123975cb2', '3f8e6896-4c7d-15f5-a018-75d8bd200d7c', '6e9bb3f5-4c9e-38f7-ae7d-e8c757976496', 24, 3, NULL, NULL, NULL, NULL),
('2cd8073c-6e3a-2a43-40cf-9712082ff6cb', '3f8e6896-4c7d-15f5-a018-75d8bd200d7c', '6e7d14ef-6739-5d9f-1680-e8e2a817c80e', 24, 3, NULL, NULL, NULL, NULL),
('2cf03d7e-662a-2fb4-5529-a2925c0f334d', '3f8e6896-4c7d-15f5-a018-75d8bd200d7c', '2de001fe-529b-33ad-0280-e8e2a817c80e', 24, 3, NULL, NULL, NULL, NULL),
('2d623a73-55f1-27ac-7029-a2925c0f334d', '3f8e6896-4c7d-15f5-a018-75d8bd200d7c', '453b5c4b-7d14-117d-0418-7000f455f3d5', 24, 3, NULL, NULL, NULL, NULL),
('2d949f40-326c-3be7-6c29-a2925c0f334d', '3f8e6896-4c7d-15f5-a018-75d8bd200d7c', '5e0937bc-3f45-6658-b37d-e8c757976496', 24, 3, NULL, NULL, NULL, NULL),
('2e2ef796-5c4c-6016-5829-a2925c0f334d', '3f8e6896-4c7d-15f5-a018-75d8bd200d7c', '5b2fcdf5-2050-7cb2-8f90-67245e8b283e', 24, 3, NULL, NULL, NULL, NULL),
('2e4b91be-7bf0-7f02-9e09-bf1378b8dc91', '3f8e6896-4c7d-15f5-a018-75d8bd200d7c', '552b866a-53d9-2789-3680-e8e2a817c80e', 24, 3, NULL, NULL, NULL, NULL),
('2e79ad01-48ca-2a72-7529-a2925c0f334d', '3f8e6896-4c7d-15f5-a018-75d8bd200d7c', '67e96914-5601-39e5-98dd-867949feb8b5', 24, 3, NULL, NULL, NULL, NULL),
('2e7dfaba-7b0c-7cdd-59de-23e177779933', '3f8e6896-4c7d-15f5-a018-75d8bd200d7c', '1ded3dd7-32db-5bc9-9190-67245e8b283e', 24, 3, NULL, NULL, NULL, NULL),
('2ea8deee-1b95-2a51-88d5-ba100c6f7bce', '3f8e6896-4c7d-15f5-a018-75d8bd200d7c', '698623e9-1def-6cb3-fa17-7000f455f3d5', 24, 3, NULL, NULL, NULL, NULL),
('2ebb705b-1b48-1e96-1c84-196123975cb2', '3f8e6896-4c7d-15f5-a018-75d8bd200d7c', '55b2aa19-2fb5-390d-2080-e8e2a817c80e', 24, 3, NULL, NULL, NULL, NULL),
('2ec23cc6-5fa8-2d85-2384-196123975cb2', '3f8e6896-4c7d-15f5-a018-75d8bd200d7c', '3599ef50-13ed-5404-0e63-eeb1d8ed8cef', 24, 3, NULL, NULL, NULL, NULL),
('2ed527c3-5671-6822-3ede-23e177779933', '3f8e6896-4c7d-15f5-a018-75d8bd200d7c', '1eb07f4e-7018-6d54-6b92-08c864661f9c', 24, 3, NULL, NULL, NULL, NULL),
('2f02358f-43c9-2a32-4ede-23e177779933', '3f8e6896-4c7d-15f5-a018-75d8bd200d7c', '393f57d3-1db2-51fe-3563-eeb1d8ed8cef', 24, 3, NULL, NULL, NULL, NULL),
('2f0df649-5c56-5086-a7d5-ba100c6f7bce', '3f8e6896-4c7d-15f5-a018-75d8bd200d7c', '246aef5e-5173-75df-9b32-6a1673ffca7c', 24, 3, NULL, NULL, NULL, NULL),
('2f1bb24d-2508-4fdf-b920-39c2f00615e8', '3f8e6896-4c7d-15f5-a018-75d8bd200d7c', '4bd22e7b-1f3e-5cc1-c17d-e8c757976496', 24, 3, NULL, NULL, NULL, NULL),
('2f61278f-2126-1a03-c40b-87ae14180c33', '3f8e6896-4c7d-15f5-a018-75d8bd200d7c', '72802b75-2709-7a76-8392-08c864661f9c', 24, 3, NULL, NULL, NULL, NULL),
('2f68dde4-4b39-40e9-6029-a2925c0f334d', '3f8e6896-4c7d-15f5-a018-75d8bd200d7c', '393c09c9-20f6-1ba4-cfdb-e5d54223c257', 24, 3, NULL, NULL, NULL, NULL),
('305174e6-1900-371f-a920-39c2f00615e8', '3f8e6896-4c7d-15f5-a018-75d8bd200d7c', '66e9a5b8-2a02-52f5-85dd-867949feb8b5', 24, 3, NULL, NULL, NULL, NULL),
('305f42df-55c9-6b02-a409-bf1378b8dc91', '3f8e6896-4c7d-15f5-a018-75d8bd200d7c', '5e0937bc-3f45-6658-b37d-e8c757976496', 24, 3, NULL, NULL, NULL, NULL),
('309122bc-1a1b-5fdb-66be-406293204378', '3f8e6896-4c7d-15f5-a018-75d8bd200d7c', '3e7c8476-3f7d-451f-4acb-66948daf6128', 24, 3, NULL, NULL, NULL, NULL),
('30a8110e-5c72-1582-ca0b-87ae14180c33', '3f8e6896-4c7d-15f5-a018-75d8bd200d7c', '5705b068-6d67-5d80-9432-6a1673ffca7c', 24, 3, NULL, NULL, NULL, NULL),
('30addaca-403b-28fe-8909-bf1378b8dc91', '3f8e6896-4c7d-15f5-a018-75d8bd200d7c', '7ab88ffb-2470-5e16-0a18-7000f455f3d5', 24, 3, NULL, NULL, NULL, NULL),
('30d52de4-772c-4611-6429-a2925c0f334d', '3f8e6896-4c7d-15f5-a018-75d8bd200d7c', '4213347c-7d41-76e6-9d90-67245e8b283e', 24, 3, NULL, NULL, NULL, NULL),
('30dc6f2d-47e8-55b6-c80b-87ae14180c33', '3f8e6896-4c7d-15f5-a018-75d8bd200d7c', '16dbee65-247d-287a-ca7d-e8c757976496', 24, 3, NULL, NULL, NULL, NULL),
('30fcf47b-4a86-2c08-a1c0-08fd2f807219', '3f8e6896-4c7d-15f5-a018-75d8bd200d7c', '5abcb7aa-4be0-373c-b7db-e5d54223c257', 24, 3, NULL, NULL, NULL, NULL),
('3112d5f4-1190-69d8-8dc0-08fd2f807219', '3f8e6896-4c7d-15f5-a018-75d8bd200d7c', '4ab7958b-383e-4f71-1918-7000f455f3d5', 24, 3, NULL, NULL, NULL, NULL),
('316b27a6-183b-7c00-a1d5-ba100c6f7bce', '3f8e6896-4c7d-15f5-a018-75d8bd200d7c', '7834fe70-20bc-168e-1c18-7000f455f3d5', 24, 3, NULL, NULL, NULL, NULL),
('3185902b-262d-1cc9-a6d5-ba100c6f7bce', '3f8e6896-4c7d-15f5-a018-75d8bd200d7c', '61a45b9e-55c1-3dbb-f917-7000f455f3d5', 24, 3, NULL, NULL, NULL, NULL),
('3188dea0-2d09-1685-98c0-08fd2f807219', '3f8e6896-4c7d-15f5-a018-75d8bd200d7c', '4a700c49-6398-4c48-1318-7000f455f3d5', 24, 3, NULL, NULL, NULL, NULL),
('31ac723d-bc8a-11ec-a6c2-6ee638634b4c', '3f8e6896-4c7d-15f5-a018-75d8bd200d7c', '31ac403d-bc8a-11ec-a6c2-6ee638634b4c', 24, 3, NULL, '2022-04-15 14:03:32', NULL, NULL),
('31ac786f-bc8a-11ec-a6c2-6ee638634b4c', '45ac3d26-18f2-18a9-3031-644313fbb055', '31ac403d-bc8a-11ec-a6c2-6ee638634b4c', 1, 3, NULL, '2022-04-15 14:03:32', NULL, NULL),
('31b27f27-3dbe-42cc-39cf-9712082ff6cb', '3f8e6896-4c7d-15f5-a018-75d8bd200d7c', '67c21be0-5ca9-2f7d-9832-6a1673ffca7c', 24, 3, NULL, NULL, NULL, NULL),
('31b29d81-6119-1cab-b80b-87ae14180c33', '3f8e6896-4c7d-15f5-a018-75d8bd200d7c', '351dea20-5e36-4082-2780-e8e2a817c80e', 24, 3, NULL, NULL, NULL, NULL),
('31b60dda-4864-79cd-9bc0-08fd2f807219', '3f8e6896-4c7d-15f5-a018-75d8bd200d7c', '40f051a0-691c-6b81-b290-67245e8b283e', 24, 3, NULL, NULL, NULL, NULL),
('31db6c80-5924-7324-ba0b-87ae14180c33', '3f8e6896-4c7d-15f5-a018-75d8bd200d7c', '4103f42d-1ebd-52dd-0f80-e8e2a817c80e', 24, 3, NULL, NULL, NULL, NULL),
('321c07ee-5c22-7257-a4d5-ba100c6f7bce', '3f8e6896-4c7d-15f5-a018-75d8bd200d7c', '5efbfc88-48f0-511d-ad7d-e8c757976496', 24, 3, NULL, NULL, NULL, NULL),
('32b9eefc-7f6b-2999-b1c0-08fd2f807219', '3f8e6896-4c7d-15f5-a018-75d8bd200d7c', '7078e567-5be0-4623-2263-eeb1d8ed8cef', 24, 3, NULL, NULL, NULL, NULL),
('32fd979f-5f69-516b-a209-bf1378b8dc91', '3f8e6896-4c7d-15f5-a018-75d8bd200d7c', '272a6589-37d6-4176-4ccb-66948daf6128', 24, 3, NULL, NULL, NULL, NULL),
('339a1998-16b6-36b5-b320-39c2f00615e8', '3f8e6896-4c7d-15f5-a018-75d8bd200d7c', '6af6ef19-44ef-22a6-0118-7000f455f3d5', 24, 3, NULL, NULL, NULL, NULL),
('33f95387-5dbf-570e-bf20-39c2f00615e8', '3f8e6896-4c7d-15f5-a018-75d8bd200d7c', '1dda8627-4997-66d4-2a80-e8e2a817c80e', 24, 3, NULL, NULL, NULL, NULL),
('3403c499-2611-2461-9809-bf1378b8dc91', '3f8e6896-4c7d-15f5-a018-75d8bd200d7c', '46c056d6-4a6c-7a0f-9cdd-867949feb8b5', 24, 3, NULL, NULL, NULL, NULL),
('34811f36-3996-69fc-39de-23e177779933', '3f8e6896-4c7d-15f5-a018-75d8bd200d7c', '59d9db40-4a7c-2b6f-95dd-867949feb8b5', 24, 3, NULL, NULL, NULL, NULL),
('34b9e329-218a-66bc-2884-196123975cb2', '3f8e6896-4c7d-15f5-a018-75d8bd200d7c', '624fba53-70e7-26e4-c6db-e5d54223c257', 24, 3, NULL, NULL, NULL, NULL),
('352cc148-2ade-1759-7dbe-406293204378', '3f8e6896-4c7d-15f5-a018-75d8bd200d7c', '7e4a64ed-3925-5bb5-6392-08c864661f9c', 24, 3, NULL, NULL, NULL, NULL),
('354f1b13-17bf-1b52-87d5-ba100c6f7bce', '3f8e6896-4c7d-15f5-a018-75d8bd200d7c', '4448a185-202a-56da-8632-6a1673ffca7c', 24, 3, NULL, NULL, NULL, NULL),
('357d7c4e-4b7f-11c2-84c0-08fd2f807219', '3f8e6896-4c7d-15f5-a018-75d8bd200d7c', '63e5930d-7510-3f65-7f92-08c864661f9c', 24, 3, NULL, NULL, NULL, NULL),
('35a9fa15-1e85-7c01-0384-196123975cb2', '3f8e6896-4c7d-15f5-a018-75d8bd200d7c', '187886c9-1b52-7b5f-1e63-eeb1d8ed8cef', 24, 3, NULL, NULL, NULL, NULL),
('360c3e0f-5235-1165-93c0-08fd2f807219', '3f8e6896-4c7d-15f5-a018-75d8bd200d7c', '5828810a-2611-6669-2663-eeb1d8ed8cef', 24, 3, NULL, NULL, NULL, NULL),
('36104b10-705b-57a8-83c0-08fd2f807219', '3f8e6896-4c7d-15f5-a018-75d8bd200d7c', '258eee01-5e19-7ac4-2ccb-66948daf6128', 24, 3, NULL, NULL, NULL, NULL),
('36134ff2-25de-148e-3bde-23e177779933', '3f8e6896-4c7d-15f5-a018-75d8bd200d7c', '7f3d5027-1858-6752-1080-e8e2a817c80e', 24, 3, NULL, NULL, NULL, NULL),
('361ca472-1312-3c9f-a60b-87ae14180c33', '3f8e6896-4c7d-15f5-a018-75d8bd200d7c', '142cb08f-7c31-21fa-8e90-67245e8b283e', 24, 3, NULL, NULL, NULL, NULL),
('365867e1-2d6d-2997-9509-bf1378b8dc91', '3f8e6896-4c7d-15f5-a018-75d8bd200d7c', '3f851737-2976-4bc0-22cb-66948daf6128', 24, 3, NULL, NULL, NULL, NULL),
('3663e7b2-4bb1-7a67-b020-39c2f00615e8', '3f8e6896-4c7d-15f5-a018-75d8bd200d7c', '4ab7958b-383e-4f71-1918-7000f455f3d5', 24, 3, NULL, NULL, NULL, NULL),
('36902554-2a9f-4729-37cf-9712082ff6cb', '3f8e6896-4c7d-15f5-a018-75d8bd200d7c', '5ec55d50-6e73-548f-4bcb-66948daf6128', 24, 3, NULL, NULL, NULL, NULL),
('36bb86a9-15b9-193c-2fcf-9712082ff6cb', '3f8e6896-4c7d-15f5-a018-75d8bd200d7c', '3c19bf05-3077-4b76-27cb-66948daf6128', 24, 3, NULL, NULL, NULL, NULL),
('3700cc49-55b5-69ea-4929-a2925c0f334d', '3f8e6896-4c7d-15f5-a018-75d8bd200d7c', '6764ab86-6fcc-2757-8032-6a1673ffca7c', 24, 3, NULL, NULL, NULL, NULL),
('3744c34b-2d8f-5417-7129-a2925c0f334d', '3f8e6896-4c7d-15f5-a018-75d8bd200d7c', '45a563b4-28b0-60dc-bbdb-e5d54223c257', 24, 3, NULL, NULL, NULL, NULL),
('374bb943-1e92-11bb-0884-196123975cb2', '3f8e6896-4c7d-15f5-a018-75d8bd200d7c', '46105a82-2aeb-39c2-3280-e8e2a817c80e', 24, 3, NULL, NULL, NULL, NULL),
('375751dc-3212-3022-b820-39c2f00615e8', '3f8e6896-4c7d-15f5-a018-75d8bd200d7c', '7293942e-2ba8-3fb0-3dcb-66948daf6128', 24, 3, NULL, NULL, NULL, NULL),
('37629709-4d97-7a77-8c09-bf1378b8dc91', '3f8e6896-4c7d-15f5-a018-75d8bd200d7c', '4d6d2901-43ab-4d3b-1a80-e8e2a817c80e', 24, 3, NULL, NULL, NULL, NULL),
('37dd9bb0-4c53-4134-31de-23e177779933', '3f8e6896-4c7d-15f5-a018-75d8bd200d7c', '73feb9c0-5258-209c-1280-e8e2a817c80e', 24, 3, NULL, NULL, NULL, NULL),
('37e9946c-3ba4-74cd-a9d5-ba100c6f7bce', '3f8e6896-4c7d-15f5-a018-75d8bd200d7c', '56978ca4-3960-6c89-1963-eeb1d8ed8cef', 24, 3, NULL, NULL, NULL, NULL),
('37f8fccf-2bb7-6400-bc0b-87ae14180c33', '3f8e6896-4c7d-15f5-a018-75d8bd200d7c', '5383e9af-2997-5da2-c27d-e8c757976496', 24, 3, NULL, NULL, NULL, NULL),
('380d085a-26ba-5897-bd20-39c2f00615e8', '3f8e6896-4c7d-15f5-a018-75d8bd200d7c', '159268a1-7e47-6b20-1618-7000f455f3d5', 24, 3, NULL, NULL, NULL, NULL),
('38528581-656f-2902-32de-23e177779933', '3f8e6896-4c7d-15f5-a018-75d8bd200d7c', '606145e7-3b94-4ec2-7b92-08c864661f9c', 24, 3, NULL, NULL, NULL, NULL),
('386931e4-3dc0-271d-cc20-39c2f00615e8', '3f8e6896-4c7d-15f5-a018-75d8bd200d7c', '4d586d5a-5c04-74a9-8fdd-867949feb8b5', 24, 3, NULL, NULL, NULL, NULL),
('38b46ad0-3254-35ca-c120-39c2f00615e8', '3f8e6896-4c7d-15f5-a018-75d8bd200d7c', '36996c45-57c7-3f54-bb7d-e8c757976496', 24, 3, NULL, NULL, NULL, NULL),
('38fae0a4-2a8d-7751-17cf-9712082ff6cb', '3f8e6896-4c7d-15f5-a018-75d8bd200d7c', '56b19619-3b4b-5ed3-6d92-08c864661f9c', 24, 3, NULL, NULL, NULL, NULL),
('390cf573-64c5-4981-b7d5-ba100c6f7bce', '3f8e6896-4c7d-15f5-a018-75d8bd200d7c', '119af01c-406e-1565-a77d-e8c757976496', 24, 3, NULL, NULL, NULL, NULL),
('3939a9cd-6c3f-78bf-9ad5-ba100c6f7bce', '3f8e6896-4c7d-15f5-a018-75d8bd200d7c', '45079f27-1c38-7d0a-a832-6a1673ffca7c', 24, 3, NULL, NULL, NULL, NULL),
('3962e88d-4132-52d1-0c84-196123975cb2', '3f8e6896-4c7d-15f5-a018-75d8bd200d7c', '3d705f94-6a1a-64a3-7692-08c864661f9c', 24, 3, NULL, NULL, NULL, NULL),
('3afd29fc-2e65-5552-7cbe-406293204378', '3f8e6896-4c7d-15f5-a018-75d8bd200d7c', '4d586d5a-5c04-74a9-8fdd-867949feb8b5', 24, 3, NULL, NULL, NULL, NULL),
('3b25301f-47b7-6c5c-a8d5-ba100c6f7bce', '3f8e6896-4c7d-15f5-a018-75d8bd200d7c', '7086fc75-14da-2666-3063-eeb1d8ed8cef', 24, 3, NULL, NULL, NULL, NULL),
('3b63fdfb-1c64-6574-ad0b-87ae14180c33', '3f8e6896-4c7d-15f5-a018-75d8bd200d7c', '725df9dc-25c1-58eb-a490-67245e8b283e', 24, 3, NULL, NULL, NULL, NULL),
('3b7145dd-5e9b-7d95-ab20-39c2f00615e8', '3f8e6896-4c7d-15f5-a018-75d8bd200d7c', '5d69f482-4df8-2e61-0e80-e8e2a817c80e', 24, 3, NULL, NULL, NULL, NULL),
('3bad7541-7915-6d1b-34de-23e177779933', '3f8e6896-4c7d-15f5-a018-75d8bd200d7c', '17120d02-6ab5-3e43-18cb-66948daf6128', 24, 3, NULL, NULL, NULL, NULL),
('3be24f1a-760f-693b-0584-196123975cb2', '3f8e6896-4c7d-15f5-a018-75d8bd200d7c', '4213347c-7d41-76e6-9d90-67245e8b283e', 24, 3, NULL, NULL, NULL, NULL),
('3be7d71a-690b-3161-1f84-196123975cb2', '3f8e6896-4c7d-15f5-a018-75d8bd200d7c', '40f051a0-691c-6b81-b290-67245e8b283e', 24, 3, NULL, NULL, NULL, NULL),
('3c15da7f-2328-708b-b90b-87ae14180c33', '3f8e6896-4c7d-15f5-a018-75d8bd200d7c', '453b5c4b-7d14-117d-0418-7000f455f3d5', 24, 3, NULL, NULL, NULL, NULL),
('3c213f7c-5d43-58ec-60be-406293204378', '3f8e6896-4c7d-15f5-a018-75d8bd200d7c', '715ec7ca-18f7-3fc5-b132-6a1673ffca7c', 24, 3, NULL, NULL, NULL, NULL),
('3c82943b-2eca-4039-aed5-ba100c6f7bce', '3f8e6896-4c7d-15f5-a018-75d8bd200d7c', '265da9c5-1270-47a6-48cb-66948daf6128', 24, 3, NULL, NULL, NULL, NULL),
('3cc1d7cb-2fe5-1e32-6abe-406293204378', '3f8e6896-4c7d-15f5-a018-75d8bd200d7c', '1ed20894-74c5-3235-a690-67245e8b283e', 24, 3, NULL, NULL, NULL, NULL),
('3deb9637-21c9-2f33-a50b-87ae14180c33', '3f8e6896-4c7d-15f5-a018-75d8bd200d7c', '27a76ea6-6309-6d6a-0218-7000f455f3d5', 24, 3, NULL, NULL, NULL, NULL),
('3eace71f-29a1-2300-2a84-196123975cb2', '3f8e6896-4c7d-15f5-a018-75d8bd200d7c', '5d9921cd-3126-4478-31cb-66948daf6128', 24, 3, NULL, NULL, NULL, NULL),
('3eb6659b-2fad-2e67-98d5-ba100c6f7bce', '3f8e6896-4c7d-15f5-a018-75d8bd200d7c', '246aef5e-5173-75df-9b32-6a1673ffca7c', 24, 3, NULL, NULL, NULL, NULL),
('3ec85179-5298-3316-afd5-ba100c6f7bce', '3f8e6896-4c7d-15f5-a018-75d8bd200d7c', '7e8f50b2-5100-74d8-0480-e8e2a817c80e', 24, 3, NULL, NULL, NULL, NULL),
('3edf6146-17ff-4e79-c820-39c2f00615e8', '3f8e6896-4c7d-15f5-a018-75d8bd200d7c', '1178ab41-2593-3f9f-b690-67245e8b283e', 24, 3, NULL, NULL, NULL, NULL),
('3f2956be-20ef-1cf7-aad5-ba100c6f7bce', '3f8e6896-4c7d-15f5-a018-75d8bd200d7c', '179d5bc0-2405-67f7-9590-67245e8b283e', 24, 3, NULL, NULL, NULL, NULL),
('3f4f8e57-1da2-6fb7-c720-39c2f00615e8', '3f8e6896-4c7d-15f5-a018-75d8bd200d7c', '68478414-705a-2626-5c92-08c864661f9c', 24, 3, NULL, NULL, NULL, NULL),
('3fa07d4c-7e5b-3480-2acf-9712082ff6cb', '3f8e6896-4c7d-15f5-a018-75d8bd200d7c', '550c9284-29ba-7fb5-7392-08c864661f9c', 24, 3, NULL, NULL, NULL, NULL),
('3fece5a6-2d22-12bb-0b84-196123975cb2', '3f8e6896-4c7d-15f5-a018-75d8bd200d7c', '7fe66336-61af-74c3-9732-6a1673ffca7c', 24, 3, NULL, NULL, NULL, NULL),
('3fee4663-76cc-5118-6e29-a2925c0f334d', '3f8e6896-4c7d-15f5-a018-75d8bd200d7c', '6de8272b-7b3b-319f-8a32-6a1673ffca7c', 24, 3, NULL, NULL, NULL, NULL),
('3ffb4989-70eb-32ab-4fde-23e177779933', '3f8e6896-4c7d-15f5-a018-75d8bd200d7c', '70d5acf3-2d43-7ebb-9a90-67245e8b283e', 24, 3, NULL, NULL, NULL, NULL),
('4001a86d-6d0b-46f9-42cf-9712082ff6cb', '3f8e6896-4c7d-15f5-a018-75d8bd200d7c', '1da031ce-7347-6fc1-ff17-7000f455f3d5', 24, 3, NULL, NULL, NULL, NULL),
('40083a61-3023-2443-b4c0-08fd2f807219', '3f8e6896-4c7d-15f5-a018-75d8bd200d7c', '5c63ba8f-59bb-6d2f-9990-67245e8b283e', 24, 3, NULL, NULL, NULL, NULL),
('401b5351-3852-60b4-74be-406293204378', '3f8e6896-4c7d-15f5-a018-75d8bd200d7c', '4ca31fe1-4790-7a9e-2a63-eeb1d8ed8cef', 24, 3, NULL, NULL, NULL, NULL),
('4030e5af-694c-380f-36de-23e177779933', '3f8e6896-4c7d-15f5-a018-75d8bd200d7c', '51b0c827-6de4-34c0-0518-7000f455f3d5', 24, 3, NULL, NULL, NULL, NULL),
('403f8763-44b1-517d-7609-bf1378b8dc91', '3f8e6896-4c7d-15f5-a018-75d8bd200d7c', '3d41da80-337f-7b3c-34cb-66948daf6128', 24, 3, NULL, NULL, NULL, NULL),
('40480f96-2014-7c36-4c29-a2925c0f334d', '3f8e6896-4c7d-15f5-a018-75d8bd200d7c', '7136099c-206b-1466-81dd-867949feb8b5', 24, 3, NULL, NULL, NULL, NULL),
('4070b823-36b9-6c59-52de-23e177779933', '3f8e6896-4c7d-15f5-a018-75d8bd200d7c', '739c88b1-3415-64b4-2c63-eeb1d8ed8cef', 24, 3, NULL, NULL, NULL, NULL),
('40a146d5-4ba9-2d44-3ecf-9712082ff6cb', '3f8e6896-4c7d-15f5-a018-75d8bd200d7c', '550c9284-29ba-7fb5-7392-08c864661f9c', 24, 3, NULL, NULL, NULL, NULL),
('40dcb887-554e-6059-a120-39c2f00615e8', '3f8e6896-4c7d-15f5-a018-75d8bd200d7c', '3f57dd63-7454-7b61-2e80-e8e2a817c80e', 24, 3, NULL, NULL, NULL, NULL),
('40f7a6ac-21d8-7147-19cf-9712082ff6cb', '3f8e6896-4c7d-15f5-a018-75d8bd200d7c', '58b9328a-5b79-6c7e-cadb-e5d54223c257', 24, 3, NULL, NULL, NULL, NULL),
('4146cdd3-6efb-1e6b-53de-23e177779933', '3f8e6896-4c7d-15f5-a018-75d8bd200d7c', '247986de-4165-651a-9490-67245e8b283e', 24, 3, NULL, NULL, NULL, NULL),
('414b2059-4e24-5f69-b70b-87ae14180c33', '3f8e6896-4c7d-15f5-a018-75d8bd200d7c', '124b4a06-7d39-6835-0980-e8e2a817c80e', 24, 3, NULL, NULL, NULL, NULL),
('41c2dce0-2c38-3bc6-16cf-9712082ff6cb', '3f8e6896-4c7d-15f5-a018-75d8bd200d7c', '393c09c9-20f6-1ba4-cfdb-e5d54223c257', 24, 3, NULL, NULL, NULL, NULL),
('41d44cf5-470b-2acd-77be-406293204378', '3f8e6896-4c7d-15f5-a018-75d8bd200d7c', '6dbb604e-505f-6307-c1db-e5d54223c257', 24, 3, NULL, NULL, NULL, NULL),
('4265d751-bc8f-11ec-a6c2-6ee638634b4c', '3f8e6896-4c7d-15f5-a018-75d8bd200d7c', '4265b010-bc8f-11ec-a6c2-6ee638634b4c', 24, 3, NULL, '2022-04-15 14:39:48', NULL, NULL),
('42a2de43-33e3-3d3e-1ccf-9712082ff6cb', '3f8e6896-4c7d-15f5-a018-75d8bd200d7c', '4f6d1696-757a-42a0-0a80-e8e2a817c80e', 24, 3, NULL, NULL, NULL, NULL),
('430250f1-181c-132c-a40b-87ae14180c33', '3f8e6896-4c7d-15f5-a018-75d8bd200d7c', '220d9715-5246-6546-1018-7000f455f3d5', 24, 3, NULL, NULL, NULL, NULL),
('432dd01c-18c3-4ea1-37de-23e177779933', '3f8e6896-4c7d-15f5-a018-75d8bd200d7c', '16d64573-7d44-18a4-2acb-66948daf6128', 24, 3, NULL, NULL, NULL, NULL),
('444d19ea-7ee5-6f65-1384-196123975cb2', '3f8e6896-4c7d-15f5-a018-75d8bd200d7c', '6c97b353-5d7d-4095-1dcb-66948daf6128', 24, 3, NULL, NULL, NULL, NULL),
('447998e2-7c1e-47e7-b220-39c2f00615e8', '3f8e6896-4c7d-15f5-a018-75d8bd200d7c', '507bbfcb-3bf9-738b-8cdd-867949feb8b5', 24, 3, NULL, NULL, NULL, NULL),
('44a505dc-2f7b-7c15-9009-bf1378b8dc91', '3f8e6896-4c7d-15f5-a018-75d8bd200d7c', '5229eb01-6350-3ec3-9ddd-867949feb8b5', 24, 3, NULL, NULL, NULL, NULL),
('45537a20-45f2-48b4-bd0b-87ae14180c33', '3f8e6896-4c7d-15f5-a018-75d8bd200d7c', '4ca31fe1-4790-7a9e-2a63-eeb1d8ed8cef', 24, 3, NULL, NULL, NULL, NULL),
('456e59d8-1aca-3ed2-6529-a2925c0f334d', '3f8e6896-4c7d-15f5-a018-75d8bd200d7c', '4cd4bba1-49ac-6e4c-b4db-e5d54223c257', 24, 3, NULL, NULL, NULL, NULL),
('4593b392-3b4b-1f7d-58de-23e177779933', '3f8e6896-4c7d-15f5-a018-75d8bd200d7c', '5e0b2316-1117-70fd-2c80-e8e2a817c80e', 24, 3, NULL, NULL, NULL, NULL),
('459ff381-42a8-44b4-47de-23e177779933', '3f8e6896-4c7d-15f5-a018-75d8bd200d7c', '2ddcae9d-6ef9-27ba-b17d-e8c757976496', 24, 3, NULL, NULL, NULL, NULL),
('45ca8a53-1621-1c68-1acf-9712082ff6cb', '3f8e6896-4c7d-15f5-a018-75d8bd200d7c', '4577d899-587b-3afc-39cb-66948daf6128', 24, 3, NULL, NULL, NULL, NULL),
('46061779-7aeb-362c-c00b-87ae14180c33', '3f8e6896-4c7d-15f5-a018-75d8bd200d7c', '606145e7-3b94-4ec2-7b92-08c864661f9c', 24, 3, NULL, NULL, NULL, NULL),
('46241dbe-5442-7b9f-8ec0-08fd2f807219', '3f8e6896-4c7d-15f5-a018-75d8bd200d7c', '17bf02de-2b93-2829-29cb-66948daf6128', 24, 3, NULL, NULL, NULL, NULL),
('462d7466-4afc-35bb-acc0-08fd2f807219', '3f8e6896-4c7d-15f5-a018-75d8bd200d7c', '37cf0ec7-4909-5dc9-a37d-e8c757976496', 24, 3, NULL, NULL, NULL, NULL),
('4681a652-352e-4cb6-8509-bf1378b8dc91', '3f8e6896-4c7d-15f5-a018-75d8bd200d7c', '70253ec7-2e38-67a9-b1db-e5d54223c257', 24, 3, NULL, NULL, NULL, NULL),
('46b2f54f-4e6b-7159-0784-196123975cb2', '3f8e6896-4c7d-15f5-a018-75d8bd200d7c', '46377235-7295-534b-a390-67245e8b283e', 24, 3, NULL, NULL, NULL, NULL),
('46c16970-135c-16cd-8d09-bf1378b8dc91', '3f8e6896-4c7d-15f5-a018-75d8bd200d7c', '2f8c02bd-480c-30a1-d1db-e5d54223c257', 24, 3, NULL, NULL, NULL, NULL),
('46e647e0-3d30-3754-1984-196123975cb2', '3f8e6896-4c7d-15f5-a018-75d8bd200d7c', '392fb6ca-399e-2320-7192-08c864661f9c', 24, 3, NULL, NULL, NULL, NULL),
('4738c8d2-5ccc-3eaf-cc0b-87ae14180c33', '3f8e6896-4c7d-15f5-a018-75d8bd200d7c', '5e0937bc-3f45-6658-b37d-e8c757976496', 24, 3, NULL, NULL, NULL, NULL),
('476c85a8-49ae-3be1-b620-39c2f00615e8', '3f8e6896-4c7d-15f5-a018-75d8bd200d7c', '7ad22e8b-6ee7-6b39-8892-08c864661f9c', 24, 3, NULL, NULL, NULL, NULL),
('47b36a35-65d4-3452-c10b-87ae14180c33', '3f8e6896-4c7d-15f5-a018-75d8bd200d7c', '52f674bb-7249-7b72-8b32-6a1673ffca7c', 24, 3, NULL, NULL, NULL, NULL),
('47ba0794-6f4e-1a5e-b5c0-08fd2f807219', '3f8e6896-4c7d-15f5-a018-75d8bd200d7c', '301ebeb4-170a-7cd7-bb90-67245e8b283e', 24, 3, NULL, NULL, NULL, NULL),
('47c93902-bc8f-11ec-a6c2-6ee638634b4c', '3f8e6896-4c7d-15f5-a018-75d8bd200d7c', '47b99d03-bc8f-11ec-a6c2-6ee638634b4c', 24, 3, NULL, '2022-04-15 14:39:57', NULL, NULL),
('4836ea55-230d-7e7e-69be-406293204378', '3f8e6896-4c7d-15f5-a018-75d8bd200d7c', '274cd393-304d-16e5-2e63-eeb1d8ed8cef', 24, 3, NULL, NULL, NULL, NULL),
('484f1acd-53fb-4fab-57de-23e177779933', '3f8e6896-4c7d-15f5-a018-75d8bd200d7c', '2508b8b3-3851-6ae9-86dd-867949feb8b5', 24, 3, NULL, NULL, NULL, NULL),
('486e2879-6003-1472-5729-a2925c0f334d', '3f8e6896-4c7d-15f5-a018-75d8bd200d7c', '1749d5e5-19d8-6673-bd90-67245e8b283e', 24, 3, NULL, NULL, NULL, NULL),
('486f3705-5928-5b0d-15cf-9712082ff6cb', '3f8e6896-4c7d-15f5-a018-75d8bd200d7c', '46377235-7295-534b-a390-67245e8b283e', 24, 3, NULL, NULL, NULL, NULL),
('4873f760-36b1-4c42-8bc0-08fd2f807219', '3f8e6896-4c7d-15f5-a018-75d8bd200d7c', '301ebeb4-170a-7cd7-bb90-67245e8b283e', 24, 3, NULL, NULL, NULL, NULL),
('4931f441-237d-4e19-9e0b-87ae14180c33', '3f8e6896-4c7d-15f5-a018-75d8bd200d7c', '7c6a2a90-6ea1-133c-7492-08c864661f9c', 24, 3, NULL, NULL, NULL, NULL),
('494e1c26-71cc-292d-a320-39c2f00615e8', '3f8e6896-4c7d-15f5-a018-75d8bd200d7c', '7fb1076f-11a9-51e5-af32-6a1673ffca7c', 24, 3, NULL, NULL, NULL, NULL),
('49930c63-200a-579a-1a84-196123975cb2', '3f8e6896-4c7d-15f5-a018-75d8bd200d7c', '6a779fff-7bc4-54f4-b5db-e5d54223c257', 24, 3, NULL, NULL, NULL, NULL),
('49b7918a-bc8a-11ec-a6c2-6ee638634b4c', '3f8e6896-4c7d-15f5-a018-75d8bd200d7c', '48c91941-bc8a-11ec-a6c2-6ee638634b4c', 24, 3, NULL, '2022-04-15 14:04:13', NULL, NULL),
('49b7def7-bc8a-11ec-a6c2-6ee638634b4c', '45ac3d26-18f2-18a9-3031-644313fbb055', '48c91941-bc8a-11ec-a6c2-6ee638634b4c', 1, 3, NULL, '2022-04-15 14:04:13', NULL, NULL),
('4a4a8c90-2e57-215e-58be-406293204378', '3f8e6896-4c7d-15f5-a018-75d8bd200d7c', '7b808a79-129e-4370-0018-7000f455f3d5', 24, 3, NULL, NULL, NULL, NULL),
('4a5a5232-6bcf-2f42-62be-406293204378', '3f8e6896-4c7d-15f5-a018-75d8bd200d7c', '7720013e-2bac-7a1a-3fcb-66948daf6128', 24, 3, NULL, NULL, NULL, NULL),
('4bb29647-3c29-72bb-3ccf-9712082ff6cb', '3f8e6896-4c7d-15f5-a018-75d8bd200d7c', '5490f8c0-5e25-1923-9a32-6a1673ffca7c', 24, 3, NULL, NULL, NULL, NULL),
('4c69954a-11cb-6606-c420-39c2f00615e8', '3f8e6896-4c7d-15f5-a018-75d8bd200d7c', '546d5701-35f7-2ab9-7892-08c864661f9c', 24, 3, NULL, NULL, NULL, NULL),
('4ce0877f-48e4-6975-5129-a2925c0f334d', '3f8e6896-4c7d-15f5-a018-75d8bd200d7c', '6326a6c5-66af-78f5-9edd-867949feb8b5', 24, 3, NULL, NULL, NULL, NULL),
('4d140caf-47ec-4de3-9ed5-ba100c6f7bce', '3f8e6896-4c7d-15f5-a018-75d8bd200d7c', '70839ffc-260c-3686-d5db-e5d54223c257', 24, 3, NULL, NULL, NULL, NULL),
('4d34ca51-2885-4274-9dd5-ba100c6f7bce', '3f8e6896-4c7d-15f5-a018-75d8bd200d7c', '674d5ce7-7f5f-2fd8-2f63-eeb1d8ed8cef', 24, 3, NULL, NULL, NULL, NULL),
('4d463e4e-19a3-5839-6129-a2925c0f334d', '3f8e6896-4c7d-15f5-a018-75d8bd200d7c', '4cb22784-5a2d-1430-9d32-6a1673ffca7c', 24, 3, NULL, NULL, NULL, NULL),
('4d759fc8-400f-6e8f-5bbe-406293204378', '3f8e6896-4c7d-15f5-a018-75d8bd200d7c', '14cee37e-3a57-4928-ac90-67245e8b283e', 24, 3, NULL, NULL, NULL, NULL),
('4d83d399-befe-11ec-aae2-7a1b18277f06', '647a538e-630d-39cd-0144-e5a214c15aa7', 'a77997ac-bc8d-11ec-a6c2-6ee638634b4c', 6, 3, NULL, '2022-04-18 16:59:57', NULL, NULL),
('4d8c2958-2252-531e-7a09-bf1378b8dc91', '3f8e6896-4c7d-15f5-a018-75d8bd200d7c', '1d81f1ef-7791-31a5-1780-e8e2a817c80e', 24, 3, NULL, NULL, NULL, NULL),
('4da28cbd-6a20-3858-b720-39c2f00615e8', '3f8e6896-4c7d-15f5-a018-75d8bd200d7c', '3856e8f7-535c-632a-83dd-867949feb8b5', 24, 3, NULL, NULL, NULL, NULL),
('4e2780aa-1135-2638-c220-39c2f00615e8', '3f8e6896-4c7d-15f5-a018-75d8bd200d7c', '4188bc78-6e7e-2c0a-7fdd-867949feb8b5', 24, 3, NULL, NULL, NULL, NULL),
('4e2e6064-6bbe-2699-a30b-87ae14180c33', '3f8e6896-4c7d-15f5-a018-75d8bd200d7c', '2bb1c00f-5144-1d08-1818-7000f455f3d5', 24, 3, NULL, NULL, NULL, NULL),
('4e4e484a-5b69-1579-be20-39c2f00615e8', '3f8e6896-4c7d-15f5-a018-75d8bd200d7c', '36027e1f-170c-79ab-2863-eeb1d8ed8cef', 24, 3, NULL, NULL, NULL, NULL),
('4f2c650a-4729-4794-b420-39c2f00615e8', '3f8e6896-4c7d-15f5-a018-75d8bd200d7c', '1152da18-24d8-65b6-0380-e8e2a817c80e', 24, 3, NULL, NULL, NULL, NULL),
('4f56f2f1-41c8-3200-5cde-23e177779933', '3f8e6896-4c7d-15f5-a018-75d8bd200d7c', '5f058231-67ac-7f38-32cb-66948daf6128', 24, 3, NULL, NULL, NULL, NULL),
('4f6acc0a-1f0d-41c4-3acf-9712082ff6cb', '3f8e6896-4c7d-15f5-a018-75d8bd200d7c', '6f49c56c-5b60-192f-a1dd-867949feb8b5', 24, 3, NULL, NULL, NULL, NULL),
('4fbf7ac2-4f95-259e-fd83-196123975cb2', '3f8e6896-4c7d-15f5-a018-75d8bd200d7c', '6326a6c5-66af-78f5-9edd-867949feb8b5', 24, 3, NULL, NULL, NULL, NULL),
('4ff3666a-4bdf-7989-adc0-08fd2f807219', '3f8e6896-4c7d-15f5-a018-75d8bd200d7c', '7e060e91-779e-153b-c67d-e8c757976496', 24, 3, NULL, NULL, NULL, NULL),
('504468a1-12c6-6902-7b09-bf1378b8dc91', '3f8e6896-4c7d-15f5-a018-75d8bd200d7c', '51b0c827-6de4-34c0-0518-7000f455f3d5', 24, 3, NULL, NULL, NULL, NULL),
('506e477c-6b69-5a49-2484-196123975cb2', '3f8e6896-4c7d-15f5-a018-75d8bd200d7c', '2bb1c00f-5144-1d08-1818-7000f455f3d5', 24, 3, NULL, NULL, NULL, NULL),
('50a70d1b-4121-7efb-bb0b-87ae14180c33', '3f8e6896-4c7d-15f5-a018-75d8bd200d7c', '7abe18db-2b8a-5fcb-aedb-e5d54223c257', 24, 3, NULL, NULL, NULL, NULL),
('50c0928f-1779-4e8b-a520-39c2f00615e8', '3f8e6896-4c7d-15f5-a018-75d8bd200d7c', '6363f9c4-2478-3433-2018-7000f455f3d5', 24, 3, NULL, NULL, NULL, NULL),
('50edfcd5-16e6-24ef-b0c0-08fd2f807219', '3f8e6896-4c7d-15f5-a018-75d8bd200d7c', '6cba2f79-4256-3aee-33cb-66948daf6128', 24, 3, NULL, NULL, NULL, NULL),
('50fcbfb3-bf93-11ec-aae2-7a1b18277f06', NULL, '50ec0ca9-bf93-11ec-aae2-7a1b18277f06', 0, 0, NULL, '2022-04-19 10:46:32', NULL, NULL),
('510c3a27-4963-302c-2ccf-9712082ff6cb', '3f8e6896-4c7d-15f5-a018-75d8bd200d7c', '6ca3d731-44ca-42bd-a432-6a1673ffca7c', 24, 3, NULL, NULL, NULL, NULL),
('5116261d-64f2-3d40-9409-bf1378b8dc91', '3f8e6896-4c7d-15f5-a018-75d8bd200d7c', '1c2187a3-6d94-2ded-21cb-66948daf6128', 24, 3, NULL, NULL, NULL, NULL),
('515b6077-13cf-64a1-5ebe-406293204378', '3f8e6896-4c7d-15f5-a018-75d8bd200d7c', '6e0db6cc-1628-6527-c77d-e8c757976496', 24, 3, NULL, NULL, NULL, NULL),
('51e78fff-176c-5145-91c0-08fd2f807219', '3f8e6896-4c7d-15f5-a018-75d8bd200d7c', '6a675fab-453a-3abf-8b92-08c864661f9c', 24, 3, NULL, NULL, NULL, NULL),
('5219d90f-5bfa-4431-7bbe-406293204378', '3f8e6896-4c7d-15f5-a018-75d8bd200d7c', '52f674bb-7249-7b72-8b32-6a1673ffca7c', 24, 3, NULL, NULL, NULL, NULL),
('52aadc93-3c4a-5df5-ae20-39c2f00615e8', '3f8e6896-4c7d-15f5-a018-75d8bd200d7c', '14672f47-7abc-2316-a97d-e8c757976496', 24, 3, NULL, NULL, NULL, NULL),
('53614b25-3779-3555-cd0b-87ae14180c33', '3f8e6896-4c7d-15f5-a018-75d8bd200d7c', '5660d465-6020-48f3-75dd-867949feb8b5', 24, 3, NULL, NULL, NULL, NULL),
('5396c779-65d7-304f-70be-406293204378', '3f8e6896-4c7d-15f5-a018-75d8bd200d7c', '7fe66336-61af-74c3-9732-6a1673ffca7c', 24, 3, NULL, NULL, NULL, NULL),
('53b167d8-4c0f-28fe-cb0b-87ae14180c33', '3f8e6896-4c7d-15f5-a018-75d8bd200d7c', '3d41da80-337f-7b3c-34cb-66948daf6128', 24, 3, NULL, NULL, NULL, NULL),
('53baae5e-52f2-2642-4a29-a2925c0f334d', '3f8e6896-4c7d-15f5-a018-75d8bd200d7c', '3b940528-61d0-597b-8a92-08c864661f9c', 24, 3, NULL, NULL, NULL, NULL),
('542a4cc3-3c2a-67fa-5629-a2925c0f334d', '3f8e6896-4c7d-15f5-a018-75d8bd200d7c', '2fc95768-5570-6429-28cb-66948daf6128', 24, 3, NULL, NULL, NULL, NULL),
('54431dba-bc8a-11ec-a6c2-6ee638634b4c', '3f8e6896-4c7d-15f5-a018-75d8bd200d7c', '5442c6f4-bc8a-11ec-a6c2-6ee638634b4c', 24, 3, NULL, '2022-04-15 14:04:30', NULL, NULL),
('54432b43-bc8a-11ec-a6c2-6ee638634b4c', '45ac3d26-18f2-18a9-3031-644313fbb055', '5442c6f4-bc8a-11ec-a6c2-6ee638634b4c', 1, 3, NULL, '2022-04-15 14:04:30', NULL, NULL),
('5447dd64-4f7e-4c64-5929-a2925c0f334d', '3f8e6896-4c7d-15f5-a018-75d8bd200d7c', '11f7089b-33e6-371a-f817-7000f455f3d5', 24, 3, NULL, NULL, NULL, NULL),
('544a64d9-1f18-736c-8209-bf1378b8dc91', '3f8e6896-4c7d-15f5-a018-75d8bd200d7c', '6916f8cf-1279-16d8-9290-67245e8b283e', 24, 3, NULL, NULL, NULL, NULL),
('550be172-182e-5003-afc0-08fd2f807219', '3f8e6896-4c7d-15f5-a018-75d8bd200d7c', '1749d5e5-19d8-6673-bd90-67245e8b283e', 24, 3, NULL, NULL, NULL, NULL),
('556a9bbf-4c5a-6415-1684-196123975cb2', '3f8e6896-4c7d-15f5-a018-75d8bd200d7c', '119af01c-406e-1565-a77d-e8c757976496', 24, 3, NULL, NULL, NULL, NULL),
('5587ec3f-5ef9-7b84-38de-23e177779933', '3f8e6896-4c7d-15f5-a018-75d8bd200d7c', '2134f868-7147-79fa-c5db-e5d54223c257', 24, 3, NULL, NULL, NULL, NULL),
('55ddd94a-7c56-35ae-b520-39c2f00615e8', '3f8e6896-4c7d-15f5-a018-75d8bd200d7c', '260d7ade-2475-42bd-2163-eeb1d8ed8cef', 24, 3, NULL, NULL, NULL, NULL),
('56077664-755c-4f65-9909-bf1378b8dc91', '3f8e6896-4c7d-15f5-a018-75d8bd200d7c', '75fcbf6d-4e84-4cc4-9f90-67245e8b283e', 24, 3, NULL, NULL, NULL, NULL),
('562b6abb-5198-5628-79be-406293204378', '3f8e6896-4c7d-15f5-a018-75d8bd200d7c', '565bfd25-1bf1-3d0a-d8db-e5d54223c257', 24, 3, NULL, NULL, NULL, NULL),
('56304486-1a40-35bd-22cf-9712082ff6cb', '3f8e6896-4c7d-15f5-a018-75d8bd200d7c', '645f2e5c-7670-66a0-6092-08c864661f9c', 24, 3, NULL, NULL, NULL, NULL),
('56346faa-404d-2737-5dde-23e177779933', '3f8e6896-4c7d-15f5-a018-75d8bd200d7c', '70839ffc-260c-3686-d5db-e5d54223c257', 24, 3, NULL, NULL, NULL, NULL),
('5685d40c-35dc-51df-1584-196123975cb2', '3f8e6896-4c7d-15f5-a018-75d8bd200d7c', '446ef6d4-4d7e-6a4d-a632-6a1673ffca7c', 24, 3, NULL, NULL, NULL, NULL),
('573da2cd-1579-5327-8cc0-08fd2f807219', '3f8e6896-4c7d-15f5-a018-75d8bd200d7c', '37cf0ec7-4909-5dc9-a37d-e8c757976496', 24, 3, NULL, NULL, NULL, NULL),
('5757ea9a-25bc-7ebb-1d84-196123975cb2', '3f8e6896-4c7d-15f5-a018-75d8bd200d7c', '7f3d5027-1858-6752-1080-e8e2a817c80e', 24, 3, NULL, NULL, NULL, NULL),
('57a3f48f-1c1d-1f04-9e20-39c2f00615e8', '3f8e6896-4c7d-15f5-a018-75d8bd200d7c', '49e9e0d5-6c3c-3ce8-bd7d-e8c757976496', 24, 3, NULL, NULL, NULL, NULL),
('57a949ac-4627-2a53-8fc0-08fd2f807219', '3f8e6896-4c7d-15f5-a018-75d8bd200d7c', '56978ca4-3960-6c89-1963-eeb1d8ed8cef', 24, 3, NULL, NULL, NULL, NULL),
('583abfd4-38f6-36cc-0e84-196123975cb2', '3f8e6896-4c7d-15f5-a018-75d8bd200d7c', '66e9a5b8-2a02-52f5-85dd-867949feb8b5', 24, 3, NULL, NULL, NULL, NULL),
('5877cab3-20af-29dd-3bcf-9712082ff6cb', '3f8e6896-4c7d-15f5-a018-75d8bd200d7c', '1152da18-24d8-65b6-0380-e8e2a817c80e', 24, 3, NULL, NULL, NULL, NULL),
('58edf03c-70e9-215a-86be-406293204378', '3f8e6896-4c7d-15f5-a018-75d8bd200d7c', '1dda8627-4997-66d4-2a80-e8e2a817c80e', 24, 3, NULL, NULL, NULL, NULL),
('58fa1e79-2ffe-4fe5-5bde-23e177779933', '3f8e6896-4c7d-15f5-a018-75d8bd200d7c', '75fcbf6d-4e84-4cc4-9f90-67245e8b283e', 24, 3, NULL, NULL, NULL, NULL),
('592ad0f7-5391-704d-af20-39c2f00615e8', '3f8e6896-4c7d-15f5-a018-75d8bd200d7c', '7e8f50b2-5100-74d8-0480-e8e2a817c80e', 24, 3, NULL, NULL, NULL, NULL),
('5934ceac-4295-34ba-7c09-bf1378b8dc91', '3f8e6896-4c7d-15f5-a018-75d8bd200d7c', '6f49c56c-5b60-192f-a1dd-867949feb8b5', 24, 3, NULL, NULL, NULL, NULL),
('5944f053-5e53-26ad-6dbe-406293204378', '3f8e6896-4c7d-15f5-a018-75d8bd200d7c', '2bf413d3-7a2c-217a-78dd-867949feb8b5', 24, 3, NULL, NULL, NULL, NULL),
('5982505e-4827-7305-1ecf-9712082ff6cb', '3f8e6896-4c7d-15f5-a018-75d8bd200d7c', '2c7af5cb-448b-1c53-a57d-e8c757976496', 24, 3, NULL, NULL, NULL, NULL),
('599844dd-626a-6fd8-30cf-9712082ff6cb', '3f8e6896-4c7d-15f5-a018-75d8bd200d7c', '6f2475a8-1ff5-13e7-0680-e8e2a817c80e', 24, 3, NULL, NULL, NULL, NULL),
('5a082297-3e3c-3b67-6629-a2925c0f334d', '3f8e6896-4c7d-15f5-a018-75d8bd200d7c', '26d6dd18-70c7-417d-9f32-6a1673ffca7c', 24, 3, NULL, NULL, NULL, NULL),
('5a27180e-5db5-5947-97c0-08fd2f807219', '3f8e6896-4c7d-15f5-a018-75d8bd200d7c', '1dda8627-4997-66d4-2a80-e8e2a817c80e', 24, 3, NULL, NULL, NULL, NULL),
('5abb8082-797d-2765-b6c0-08fd2f807219', '3f8e6896-4c7d-15f5-a018-75d8bd200d7c', '3ac1952a-1e36-1a0b-b47d-e8c757976496', 24, 3, NULL, NULL, NULL, NULL),
('5b00b0cf-40c1-5112-9109-bf1378b8dc91', '3f8e6896-4c7d-15f5-a018-75d8bd200d7c', '7abe18db-2b8a-5fcb-aedb-e5d54223c257', 24, 3, NULL, NULL, NULL, NULL),
('5b34a4d0-6617-1db3-ab0b-87ae14180c33', '3f8e6896-4c7d-15f5-a018-75d8bd200d7c', '19f32c68-4021-603e-9bdd-867949feb8b5', 24, 3, NULL, NULL, NULL, NULL),
('5b8d2e3b-bc8a-11ec-a6c2-6ee638634b4c', '3f8e6896-4c7d-15f5-a018-75d8bd200d7c', '5b8cffbf-bc8a-11ec-a6c2-6ee638634b4c', 24, 3, NULL, '2022-04-15 14:04:42', NULL, NULL),
('5c62a0d2-2442-5d9b-6f29-a2925c0f334d', '3f8e6896-4c7d-15f5-a018-75d8bd200d7c', '6e0db6cc-1628-6527-c77d-e8c757976496', 24, 3, NULL, NULL, NULL, NULL),
('5c7295a5-15c9-7ec7-c320-39c2f00615e8', '3f8e6896-4c7d-15f5-a018-75d8bd200d7c', '6ca3d731-44ca-42bd-a432-6a1673ffca7c', 24, 3, NULL, NULL, NULL, NULL),
('5c9f5f1a-6f5c-49cc-59be-406293204378', '3f8e6896-4c7d-15f5-a018-75d8bd200d7c', '380799e8-2bfa-4f0f-8e32-6a1673ffca7c', 24, 3, NULL, NULL, NULL, NULL),
('5ca4f407-2d2d-24db-18cf-9712082ff6cb', '3f8e6896-4c7d-15f5-a018-75d8bd200d7c', '438fec4c-2dad-30d7-a07d-e8c757976496', 24, 3, NULL, NULL, NULL, NULL),
('5cb4708c-2b13-5550-6cbe-406293204378', '3f8e6896-4c7d-15f5-a018-75d8bd200d7c', '5b2fcdf5-2050-7cb2-8f90-67245e8b283e', 24, 3, NULL, NULL, NULL, NULL),
('5ce252d5-703f-5d34-44de-23e177779933', '3f8e6896-4c7d-15f5-a018-75d8bd200d7c', '68478414-705a-2626-5c92-08c864661f9c', 24, 3, NULL, NULL, NULL, NULL),
('5cf98dc5-71b7-52dd-b00b-87ae14180c33', '3f8e6896-4c7d-15f5-a018-75d8bd200d7c', '4ca31fe1-4790-7a9e-2a63-eeb1d8ed8cef', 24, 3, NULL, NULL, NULL, NULL),
('5d39e97f-36dc-2486-21cf-9712082ff6cb', '3f8e6896-4c7d-15f5-a018-75d8bd200d7c', '41d258e3-4445-57ff-ac7d-e8c757976496', 24, 3, NULL, NULL, NULL, NULL),
('5d45a0b6-3652-3ed1-5dbe-406293204378', '3f8e6896-4c7d-15f5-a018-75d8bd200d7c', '48adb0bd-7040-1241-6e92-08c864661f9c', 24, 3, NULL, NULL, NULL, NULL),
('5d6636c4-5be9-1fda-0084-196123975cb2', '3f8e6896-4c7d-15f5-a018-75d8bd200d7c', '4a885861-27d1-3519-bedb-e5d54223c257', 24, 3, NULL, NULL, NULL, NULL),
('5d8e0f48-7163-50da-9609-bf1378b8dc91', '3f8e6896-4c7d-15f5-a018-75d8bd200d7c', '3b5d684a-441d-1a95-0b18-7000f455f3d5', 24, 3, NULL, NULL, NULL, NULL),
('5d9f07e3-23b7-320f-7d09-bf1378b8dc91', '3f8e6896-4c7d-15f5-a018-75d8bd200d7c', '6149c4f4-425b-60e0-b3db-e5d54223c257', 24, 3, NULL, NULL, NULL, NULL),
('5dac972b-6a2a-119d-b2c0-08fd2f807219', '3f8e6896-4c7d-15f5-a018-75d8bd200d7c', '4577565a-7e3e-493a-74dd-867949feb8b5', 24, 3, NULL, NULL, NULL, NULL),
('5dec46ef-3437-32f8-a80b-87ae14180c33', '3f8e6896-4c7d-15f5-a018-75d8bd200d7c', '5c86869a-6d0c-7cb1-2dcb-66948daf6128', 24, 3, NULL, NULL, NULL, NULL),
('5e1b0b36-6d36-6e06-7429-a2925c0f334d', '3f8e6896-4c7d-15f5-a018-75d8bd200d7c', '53b7a297-27f2-114f-40cb-66948daf6128', 24, 3, NULL, NULL, NULL, NULL),
('5e5fb9dd-446d-41f6-40de-23e177779933', '3f8e6896-4c7d-15f5-a018-75d8bd200d7c', '62071e5d-7876-6982-a67d-e8c757976496', 24, 3, NULL, NULL, NULL, NULL),
('5e7530be-64f7-746c-23cf-9712082ff6cb', '3f8e6896-4c7d-15f5-a018-75d8bd200d7c', '11cd6c27-3e66-2a12-b890-67245e8b283e', 24, 3, NULL, NULL, NULL, NULL),
('5e9b4974-5644-570c-43cf-9712082ff6cb', '3f8e6896-4c7d-15f5-a018-75d8bd200d7c', '739c88b1-3415-64b4-2c63-eeb1d8ed8cef', 24, 3, NULL, NULL, NULL, NULL),
('5edb7881-65a5-415d-7f09-bf1378b8dc91', '3f8e6896-4c7d-15f5-a018-75d8bd200d7c', '6cba2f79-4256-3aee-33cb-66948daf6128', 24, 3, NULL, NULL, NULL, NULL),
('5edf5e81-655b-60fe-8009-bf1378b8dc91', '3f8e6896-4c7d-15f5-a018-75d8bd200d7c', '1e5a953f-1c88-5769-addb-e5d54223c257', 24, 3, NULL, NULL, NULL, NULL),
('5ee2ba7f-49ee-5b09-5cbe-406293204378', '3f8e6896-4c7d-15f5-a018-75d8bd200d7c', '30a41998-6506-7724-0918-7000f455f3d5', 24, 3, NULL, NULL, NULL, NULL),
('5ff94c11-3716-4911-c520-39c2f00615e8', '3f8e6896-4c7d-15f5-a018-75d8bd200d7c', '4d36196e-2e65-79b4-2d80-e8e2a817c80e', 24, 3, NULL, NULL, NULL, NULL),
('6006f6a5-7953-28f9-95d5-ba100c6f7bce', '3f8e6896-4c7d-15f5-a018-75d8bd200d7c', '273a7ef6-784b-57f0-1118-7000f455f3d5', 24, 3, NULL, NULL, NULL, NULL),
('602426ce-7742-1f7a-6229-a2925c0f334d', '3f8e6896-4c7d-15f5-a018-75d8bd200d7c', '7f609b3d-31d7-548b-0318-7000f455f3d5', 24, 3, NULL, NULL, NULL, NULL),
('603fcec7-5bab-1b89-35cf-9712082ff6cb', '3f8e6896-4c7d-15f5-a018-75d8bd200d7c', '404fe340-1fd3-414b-aadb-e5d54223c257', 24, 3, NULL, NULL, NULL, NULL),
('605699f7-39bd-4f28-54de-23e177779933', '3f8e6896-4c7d-15f5-a018-75d8bd200d7c', '3abc4ce5-462f-5db9-9e7d-e8c757976496', 24, 3, NULL, NULL, NULL, NULL),
('6065d99a-3101-55f4-20cf-9712082ff6cb', '3f8e6896-4c7d-15f5-a018-75d8bd200d7c', '124b4a06-7d39-6835-0980-e8e2a817c80e', 24, 3, NULL, NULL, NULL, NULL),
('60a4d6ce-6d74-2d65-1284-196123975cb2', '3f8e6896-4c7d-15f5-a018-75d8bd200d7c', '46f514e3-3598-177c-6192-08c864661f9c', 24, 3, NULL, NULL, NULL, NULL),
('60b17ba7-56d2-5422-a6c0-08fd2f807219', '3f8e6896-4c7d-15f5-a018-75d8bd200d7c', '79fa8253-391f-4864-b2db-e5d54223c257', 24, 3, NULL, NULL, NULL, NULL),
('60cca6a6-42c7-596c-56de-23e177779933', '3f8e6896-4c7d-15f5-a018-75d8bd200d7c', '5ec55d50-6e73-548f-4bcb-66948daf6128', 24, 3, NULL, NULL, NULL, NULL),
('60eb19e8-6dfd-2539-1884-196123975cb2', '3f8e6896-4c7d-15f5-a018-75d8bd200d7c', '3b940528-61d0-597b-8a92-08c864661f9c', 24, 3, NULL, NULL, NULL, NULL),
('61250724-294f-5d31-b5d5-ba100c6f7bce', '3f8e6896-4c7d-15f5-a018-75d8bd200d7c', '5e0937bc-3f45-6658-b37d-e8c757976496', 24, 3, NULL, NULL, NULL, NULL),
('618a90d5-41f5-5b77-93d5-ba100c6f7bce', '3f8e6896-4c7d-15f5-a018-75d8bd200d7c', '4dcec3f9-7052-6fbd-43cb-66948daf6128', 24, 3, NULL, NULL, NULL, NULL),
('61d199b1-250a-4aa2-b3d5-ba100c6f7bce', '3f8e6896-4c7d-15f5-a018-75d8bd200d7c', '14cee37e-3a57-4928-ac90-67245e8b283e', 24, 3, NULL, NULL, NULL, NULL),
('61d1deef-7714-42a5-8709-bf1378b8dc91', '3f8e6896-4c7d-15f5-a018-75d8bd200d7c', '6835a1cf-2313-55cd-9332-6a1673ffca7c', 24, 3, NULL, NULL, NULL, NULL),
('61de9ce1-7cfe-2114-9fd5-ba100c6f7bce', '3f8e6896-4c7d-15f5-a018-75d8bd200d7c', '6835a1cf-2313-55cd-9332-6a1673ffca7c', 24, 3, NULL, NULL, NULL, NULL),
('622c8b8f-7baa-252e-a8c0-08fd2f807219', '3f8e6896-4c7d-15f5-a018-75d8bd200d7c', '6326a6c5-66af-78f5-9edd-867949feb8b5', 24, 3, NULL, NULL, NULL, NULL),
('629f55e2-bc8f-11ec-a6c2-6ee638634b4c', '3f8e6896-4c7d-15f5-a018-75d8bd200d7c', '629ef29c-bc8f-11ec-a6c2-6ee638634b4c', 24, 3, NULL, '2022-04-15 14:40:42', NULL, NULL),
('62a849b4-1145-4227-7009-bf1378b8dc91', '3f8e6896-4c7d-15f5-a018-75d8bd200d7c', '4b4ec052-4187-3965-1d18-7000f455f3d5', 24, 3, NULL, NULL, NULL, NULL),
('62abe8a7-2c70-6de2-5f29-a2925c0f334d', '3f8e6896-4c7d-15f5-a018-75d8bd200d7c', '4188bc78-6e7e-2c0a-7fdd-867949feb8b5', 24, 3, NULL, NULL, NULL, NULL),
('62c4e131-7305-46df-9ac0-08fd2f807219', '3f8e6896-4c7d-15f5-a018-75d8bd200d7c', '2f7fd810-1b64-5882-aa32-6a1673ffca7c', 24, 3, NULL, NULL, NULL, NULL),
('62c6c0e7-2f1d-15b4-7fbe-406293204378', '3f8e6896-4c7d-15f5-a018-75d8bd200d7c', '683552ca-6721-2b6e-7c92-08c864661f9c', 24, 3, NULL, NULL, NULL, NULL),
('62cf7e45-5290-2e1d-aec0-08fd2f807219', '3f8e6896-4c7d-15f5-a018-75d8bd200d7c', '260d7ade-2475-42bd-2163-eeb1d8ed8cef', 24, 3, NULL, NULL, NULL, NULL),
('6307e50b-7414-31ef-c60b-87ae14180c33', '3f8e6896-4c7d-15f5-a018-75d8bd200d7c', '247986de-4165-651a-9490-67245e8b283e', 24, 3, NULL, NULL, NULL, NULL),
('632270a9-57fa-4b80-1484-196123975cb2', '3f8e6896-4c7d-15f5-a018-75d8bd200d7c', '7cb7a01c-3941-7b6c-a932-6a1673ffca7c', 24, 3, NULL, NULL, NULL, NULL),
('63a55898-424f-5d24-5ade-23e177779933', '3f8e6896-4c7d-15f5-a018-75d8bd200d7c', '550c9284-29ba-7fb5-7392-08c864661f9c', 24, 3, NULL, NULL, NULL, NULL),
('63a7b4a6-1648-7d7f-b0d5-ba100c6f7bce', '3f8e6896-4c7d-15f5-a018-75d8bd200d7c', '4296b118-76aa-3241-7edd-867949feb8b5', 24, 3, NULL, NULL, NULL, NULL),
('6452e402-1744-5bf8-aa20-39c2f00615e8', '3f8e6896-4c7d-15f5-a018-75d8bd200d7c', '696f0f83-27ea-5246-1380-e8e2a817c80e', 24, 3, NULL, NULL, NULL, NULL),
('64747310-7a0f-25f5-7229-a2925c0f334d', '3f8e6896-4c7d-15f5-a018-75d8bd200d7c', '4f6d1696-757a-42a0-0a80-e8e2a817c80e', 24, 3, NULL, NULL, NULL, NULL),
('648b0e21-42da-7a4c-26cf-9712082ff6cb', '3f8e6896-4c7d-15f5-a018-75d8bd200d7c', '1e925a10-2e0a-6e92-2f80-e8e2a817c80e', 24, 3, NULL, NULL, NULL, NULL),
('64eb5e22-63bb-51c3-5c29-a2925c0f334d', '3f8e6896-4c7d-15f5-a018-75d8bd200d7c', '3ef08d53-5bf3-1e97-9790-67245e8b283e', 24, 3, NULL, NULL, NULL, NULL),
('65087f3b-61ad-33bf-82be-406293204378', '3f8e6896-4c7d-15f5-a018-75d8bd200d7c', '497bbe00-3d2e-5694-cb7d-e8c757976496', 24, 3, NULL, NULL, NULL, NULL),
('650c49a1-756e-2032-9fc0-08fd2f807219', '3f8e6896-4c7d-15f5-a018-75d8bd200d7c', '187886c9-1b52-7b5f-1e63-eeb1d8ed8cef', 24, 3, NULL, NULL, NULL, NULL),
('6577614a-761b-5b49-b40b-87ae14180c33', '3f8e6896-4c7d-15f5-a018-75d8bd200d7c', '6a4d99cd-242a-6200-7add-867949feb8b5', 24, 3, NULL, NULL, NULL, NULL),
('65a297e8-7141-3f82-aa0b-87ae14180c33', '3f8e6896-4c7d-15f5-a018-75d8bd200d7c', '4e272fc4-7875-78d6-7d32-6a1673ffca7c', 24, 3, NULL, NULL, NULL, NULL),
('65a39575-bc8a-11ec-a6c2-6ee638634b4c', '3f8e6896-4c7d-15f5-a018-75d8bd200d7c', '65a30342-bc8a-11ec-a6c2-6ee638634b4c', 24, 3, NULL, '2022-04-15 14:04:59', NULL, NULL),
('65a4625a-5ecd-549d-c20b-87ae14180c33', '3f8e6896-4c7d-15f5-a018-75d8bd200d7c', '69cdb3c5-55bc-2a7a-9a7d-e8c757976496', 24, 3, NULL, NULL, NULL, NULL),
('65b435ab-1c68-58b1-32cf-9712082ff6cb', '3f8e6896-4c7d-15f5-a018-75d8bd200d7c', '14672f47-7abc-2316-a97d-e8c757976496', 24, 3, NULL, NULL, NULL, NULL),
('65c089ca-2aae-5759-8109-bf1378b8dc91', '3f8e6896-4c7d-15f5-a018-75d8bd200d7c', '67097f92-5629-4ea7-44cb-66948daf6128', 24, 3, NULL, NULL, NULL, NULL),
('65d68747-2ba6-2926-92c0-08fd2f807219', '3f8e6896-4c7d-15f5-a018-75d8bd200d7c', '1721a9d1-4255-55c4-a0dd-867949feb8b5', 24, 3, NULL, NULL, NULL, NULL),
('6615f10b-5132-26b2-42de-23e177779933', '3f8e6896-4c7d-15f5-a018-75d8bd200d7c', '773acde0-4741-351b-6992-08c864661f9c', 24, 3, NULL, NULL, NULL, NULL),
('66408fb1-5675-1ae9-bb20-39c2f00615e8', '3f8e6896-4c7d-15f5-a018-75d8bd200d7c', '767111e6-3dbc-615a-0880-e8e2a817c80e', 24, 3, NULL, NULL, NULL, NULL),
('6643ee80-64d3-5640-1184-196123975cb2', '3f8e6896-4c7d-15f5-a018-75d8bd200d7c', '3d41da80-337f-7b3c-34cb-66948daf6128', 24, 3, NULL, NULL, NULL, NULL),
('669b5e30-70a2-4626-9f09-bf1378b8dc91', '3f8e6896-4c7d-15f5-a018-75d8bd200d7c', '5efbfc88-48f0-511d-ad7d-e8c757976496', 24, 3, NULL, NULL, NULL, NULL),
('669c8349-2fc8-1dc3-a620-39c2f00615e8', '3f8e6896-4c7d-15f5-a018-75d8bd200d7c', '7506e31b-7343-523b-d0db-e5d54223c257', 24, 3, NULL, NULL, NULL, NULL),
('66c10989-4b58-38c7-a009-bf1378b8dc91', '3f8e6896-4c7d-15f5-a018-75d8bd200d7c', '70c65970-3394-495f-c0db-e5d54223c257', 24, 3, NULL, NULL, NULL, NULL),
('66f040c6-49fc-4e4d-2ecf-9712082ff6cb', '3f8e6896-4c7d-15f5-a018-75d8bd200d7c', '6c7a1aa4-706d-6464-37cb-66948daf6128', 24, 3, NULL, NULL, NULL, NULL),
('67a7d88a-2bfd-7ea6-b10b-87ae14180c33', '3f8e6896-4c7d-15f5-a018-75d8bd200d7c', '7e4a64ed-3925-5bb5-6392-08c864661f9c', 24, 3, NULL, NULL, NULL, NULL),
('6821ba4c-5cfa-205c-96c0-08fd2f807219', '3f8e6896-4c7d-15f5-a018-75d8bd200d7c', '284ccb05-337b-7e6f-9090-67245e8b283e', 24, 3, NULL, NULL, NULL, NULL),
('68922a0b-6cbd-124f-7ebe-406293204378', '3f8e6896-4c7d-15f5-a018-75d8bd200d7c', '5b2fcdf5-2050-7cb2-8f90-67245e8b283e', 24, 3, NULL, NULL, NULL, NULL),
('68fc6f39-7c51-144b-5029-a2925c0f334d', '3f8e6896-4c7d-15f5-a018-75d8bd200d7c', '41b358c6-4122-1369-3780-e8e2a817c80e', 24, 3, NULL, NULL, NULL, NULL),
('69327c00-3606-5757-8fd5-ba100c6f7bce', '3f8e6896-4c7d-15f5-a018-75d8bd200d7c', '3b940528-61d0-597b-8a92-08c864661f9c', 24, 3, NULL, NULL, NULL, NULL),
('69474879-4ebf-7e71-6a29-a2925c0f334d', '3f8e6896-4c7d-15f5-a018-75d8bd200d7c', '75fcbf6d-4e84-4cc4-9f90-67245e8b283e', 24, 3, NULL, NULL, NULL, NULL),
('69cc327f-46ba-72fc-ac20-39c2f00615e8', '3f8e6896-4c7d-15f5-a018-75d8bd200d7c', '7c67647c-427e-31e0-94dd-867949feb8b5', 24, 3, NULL, NULL, NULL, NULL),
('69d0a6be-3a49-647e-c30b-87ae14180c33', '3f8e6896-4c7d-15f5-a018-75d8bd200d7c', '6f49c56c-5b60-192f-a1dd-867949feb8b5', 24, 3, NULL, NULL, NULL, NULL),
('6a3cdb3a-63f6-5410-ad20-39c2f00615e8', '3f8e6896-4c7d-15f5-a018-75d8bd200d7c', '5608f456-3b97-2e05-5d92-08c864661f9c', 24, 3, NULL, NULL, NULL, NULL),
('6a609d64-6a52-759d-7abe-406293204378', '3f8e6896-4c7d-15f5-a018-75d8bd200d7c', '321eabe1-3438-223c-2563-eeb1d8ed8cef', 24, 3, NULL, NULL, NULL, NULL),
('6a6d68d5-6cf5-137e-88be-406293204378', '3f8e6896-4c7d-15f5-a018-75d8bd200d7c', '34cde64f-62e4-186c-77dd-867949feb8b5', 24, 3, NULL, NULL, NULL, NULL),
('6a8fc0a1-7767-1d76-6b29-a2925c0f334d', '3f8e6896-4c7d-15f5-a018-75d8bd200d7c', '11f73df2-53f3-6847-a532-6a1673ffca7c', 24, 3, NULL, NULL, NULL, NULL),
('6a94b3d5-77fe-38bf-a90b-87ae14180c33', '3f8e6896-4c7d-15f5-a018-75d8bd200d7c', '65a8faaa-15cf-61dc-7092-08c864661f9c', 24, 3, NULL, NULL, NULL, NULL),
('6aa12382-327a-40cd-2b84-196123975cb2', '3f8e6896-4c7d-15f5-a018-75d8bd200d7c', '5e0937bc-3f45-6658-b37d-e8c757976496', 24, 3, NULL, NULL, NULL, NULL),
('6b38b9ca-1944-5121-4cde-23e177779933', '3f8e6896-4c7d-15f5-a018-75d8bd200d7c', '6b4ba6de-35d3-5431-3180-e8e2a817c80e', 24, 3, NULL, NULL, NULL, NULL),
('6b47b37f-3123-3ce7-14cf-9712082ff6cb', '3f8e6896-4c7d-15f5-a018-75d8bd200d7c', '5ae2d70b-201d-3e23-7f32-6a1673ffca7c', 24, 3, NULL, NULL, NULL, NULL),
('6b53c4be-58a3-6f9f-8309-bf1378b8dc91', '3f8e6896-4c7d-15f5-a018-75d8bd200d7c', '19f32c68-4021-603e-9bdd-867949feb8b5', 24, 3, NULL, NULL, NULL, NULL),
('6bb063e6-4b60-5e69-43de-23e177779933', '3f8e6896-4c7d-15f5-a018-75d8bd200d7c', '36996c45-57c7-3f54-bb7d-e8c757976496', 24, 3, NULL, NULL, NULL, NULL),
('6be6c0e9-220a-3d03-96d5-ba100c6f7bce', '3f8e6896-4c7d-15f5-a018-75d8bd200d7c', '48f241fe-4517-6239-b97d-e8c757976496', 24, 3, NULL, NULL, NULL, NULL),
('6c14ea01-7211-5422-4dde-23e177779933', '3f8e6896-4c7d-15f5-a018-75d8bd200d7c', '7e060e91-779e-153b-c67d-e8c757976496', 24, 3, NULL, NULL, NULL, NULL),
('6c2d254c-51c8-2ac9-7409-bf1378b8dc91', '3f8e6896-4c7d-15f5-a018-75d8bd200d7c', '2ea2cc59-4a75-15b2-d7db-e5d54223c257', 24, 3, NULL, NULL, NULL, NULL),
('6c44fc3e-44b0-3293-9dc0-08fd2f807219', '3f8e6896-4c7d-15f5-a018-75d8bd200d7c', '1e925a10-2e0a-6e92-2f80-e8e2a817c80e', 24, 3, NULL, NULL, NULL, NULL),
('6ca89fa3-4067-7dac-2584-196123975cb2', '3f8e6896-4c7d-15f5-a018-75d8bd200d7c', '2f1eb874-4858-7e43-7792-08c864661f9c', 24, 3, NULL, NULL, NULL, NULL),
('6cb5344e-4b6a-3e87-7809-bf1378b8dc91', '3f8e6896-4c7d-15f5-a018-75d8bd200d7c', '7c0b49c1-2ed6-3582-1518-7000f455f3d5', 24, 3, NULL, NULL, NULL, NULL),
('6d0057ed-5e0b-42ca-2dcf-9712082ff6cb', '3f8e6896-4c7d-15f5-a018-75d8bd200d7c', '36996c45-57c7-3f54-bb7d-e8c757976496', 24, 3, NULL, NULL, NULL, NULL),
('6e06a7ff-3639-60c7-8409-bf1378b8dc91', '3f8e6896-4c7d-15f5-a018-75d8bd200d7c', '787f6a58-4353-21fd-93dd-867949feb8b5', 24, 3, NULL, NULL, NULL, NULL),
('6e082f6f-22b4-6ab0-9c09-bf1378b8dc91', '3f8e6896-4c7d-15f5-a018-75d8bd200d7c', '397b474c-6011-252d-c57d-e8c757976496', 24, 3, NULL, NULL, NULL, NULL),
('6e2d162f-65fb-4ac7-35de-23e177779933', '3f8e6896-4c7d-15f5-a018-75d8bd200d7c', '2f1eb874-4858-7e43-7792-08c864661f9c', 24, 3, NULL, NULL, NULL, NULL),
('6e98d16d-1cee-3d90-4d29-a2925c0f334d', '3f8e6896-4c7d-15f5-a018-75d8bd200d7c', '5badffd8-18c8-3f76-6492-08c864661f9c', 24, 3, NULL, NULL, NULL, NULL),
('6ec476cf-6191-3144-55de-23e177779933', '3f8e6896-4c7d-15f5-a018-75d8bd200d7c', '1f8d7e46-1d1e-335f-79dd-867949feb8b5', 24, 3, NULL, NULL, NULL, NULL),
('6eeb0f16-1f95-72a8-8ac0-08fd2f807219', '3f8e6896-4c7d-15f5-a018-75d8bd200d7c', '48659f54-7d1a-67d6-0718-7000f455f3d5', 24, 3, NULL, NULL, NULL, NULL),
('6eeb8c68-18e7-5250-3cde-23e177779933', '3f8e6896-4c7d-15f5-a018-75d8bd200d7c', '13a41285-2359-6e4d-7e92-08c864661f9c', 24, 3, NULL, NULL, NULL, NULL),
('6ef29a53-7bc8-7018-90c0-08fd2f807219', '3f8e6896-4c7d-15f5-a018-75d8bd200d7c', '5828810a-2611-6669-2663-eeb1d8ed8cef', 24, 3, NULL, NULL, NULL, NULL),
('6f1c10e2-1e18-7f4e-3fcf-9712082ff6cb', '3f8e6896-4c7d-15f5-a018-75d8bd200d7c', '3e7c8476-3f7d-451f-4acb-66948daf6128', 24, 3, NULL, NULL, NULL, NULL),
('6f1fafa3-242f-2f55-abc0-08fd2f807219', '3f8e6896-4c7d-15f5-a018-75d8bd200d7c', '7086fc75-14da-2666-3063-eeb1d8ed8cef', 24, 3, NULL, NULL, NULL, NULL),
('6fe6ed5e-23cc-3c76-b60b-87ae14180c33', '3f8e6896-4c7d-15f5-a018-75d8bd200d7c', '1721a9d1-4255-55c4-a0dd-867949feb8b5', 24, 3, NULL, NULL, NULL, NULL),
('6ff90fae-39dc-6ed1-6929-a2925c0f334d', '3f8e6896-4c7d-15f5-a018-75d8bd200d7c', '561eb2f7-48b8-58dd-6892-08c864661f9c', 24, 3, NULL, NULL, NULL, NULL),
('70054e8d-6c42-3aaa-36cf-9712082ff6cb', '3f8e6896-4c7d-15f5-a018-75d8bd200d7c', '5d69f482-4df8-2e61-0e80-e8e2a817c80e', 24, 3, NULL, NULL, NULL, NULL),
('701dfa6f-5405-598b-28cf-9712082ff6cb', '3f8e6896-4c7d-15f5-a018-75d8bd200d7c', '5badffd8-18c8-3f76-6492-08c864661f9c', 24, 3, NULL, NULL, NULL, NULL),
('70238f32-4351-7743-a7c0-08fd2f807219', '3f8e6896-4c7d-15f5-a018-75d8bd200d7c', '67b5c284-1c59-4a0a-0580-e8e2a817c80e', 24, 3, NULL, NULL, NULL, NULL),
('70db2698-6fe2-46c7-95c0-08fd2f807219', '3f8e6896-4c7d-15f5-a018-75d8bd200d7c', '16404eb2-7191-78a5-38cb-66948daf6128', 24, 3, NULL, NULL, NULL, NULL),
('70e8e9ef-1d12-602a-a420-39c2f00615e8', '3f8e6896-4c7d-15f5-a018-75d8bd200d7c', '260d7ade-2475-42bd-2163-eeb1d8ed8cef', 24, 3, NULL, NULL, NULL, NULL),
('71e90169-14c6-1feb-add5-ba100c6f7bce', '3f8e6896-4c7d-15f5-a018-75d8bd200d7c', '787f6a58-4353-21fd-93dd-867949feb8b5', 24, 3, NULL, NULL, NULL, NULL),
('7214c81d-705f-3473-65be-406293204378', '3f8e6896-4c7d-15f5-a018-75d8bd200d7c', '47405a55-5845-562c-7ddd-867949feb8b5', 24, 3, NULL, NULL, NULL, NULL),
('7235e434-7ba8-529a-bc20-39c2f00615e8', '3f8e6896-4c7d-15f5-a018-75d8bd200d7c', '4296b118-76aa-3241-7edd-867949feb8b5', 24, 3, NULL, NULL, NULL, NULL),
('72a26de2-4c5b-22ba-6bbe-406293204378', '3f8e6896-4c7d-15f5-a018-75d8bd200d7c', '1c2187a3-6d94-2ded-21cb-66948daf6128', 24, 3, NULL, NULL, NULL, NULL),
('72f92903-5295-4ea2-3dde-23e177779933', '3f8e6896-4c7d-15f5-a018-75d8bd200d7c', '30070230-50c3-1e2a-cedb-e5d54223c257', 24, 3, NULL, NULL, NULL, NULL),
('73f57149-5281-7667-ae0b-87ae14180c33', '3f8e6896-4c7d-15f5-a018-75d8bd200d7c', '7e060e91-779e-153b-c67d-e8c757976496', 24, 3, NULL, NULL, NULL, NULL),
('73f7cd57-4d1d-1883-78be-406293204378', '3f8e6896-4c7d-15f5-a018-75d8bd200d7c', '1d81f1ef-7791-31a5-1780-e8e2a817c80e', 24, 3, NULL, NULL, NULL, NULL),
('73f98792-723a-5c61-67be-406293204378', '3f8e6896-4c7d-15f5-a018-75d8bd200d7c', '67097f92-5629-4ea7-44cb-66948daf6128', 24, 3, NULL, NULL, NULL, NULL),
('742f323b-7dce-3b9a-9209-bf1378b8dc91', '3f8e6896-4c7d-15f5-a018-75d8bd200d7c', '4729a19e-5a81-6e74-6a92-08c864661f9c', 24, 3, NULL, NULL, NULL, NULL),
('7441e84e-3b68-7d8b-63be-406293204378', '3f8e6896-4c7d-15f5-a018-75d8bd200d7c', '511f2482-76be-16cb-84dd-867949feb8b5', 24, 3, NULL, NULL, NULL, NULL),
('749af78e-699e-5d1e-7109-bf1378b8dc91', '3f8e6896-4c7d-15f5-a018-75d8bd200d7c', '1178ab41-2593-3f9f-b690-67245e8b283e', 24, 3, NULL, NULL, NULL, NULL),
('749f165c-16de-4b32-86c0-08fd2f807219', '3f8e6896-4c7d-15f5-a018-75d8bd200d7c', '791b9e6b-6010-1e33-b0db-e5d54223c257', 24, 3, NULL, NULL, NULL, NULL),
('74cf423c-bf92-11ec-aae2-7a1b18277f06', NULL, '74cc8f88-bf92-11ec-aae2-7a1b18277f06', 0, 0, NULL, '2022-04-19 10:40:23', NULL, NULL),
('74de5ccc-59ee-1411-a00b-87ae14180c33', '3f8e6896-4c7d-15f5-a018-75d8bd200d7c', '48659f54-7d1a-67d6-0718-7000f455f3d5', 24, 3, NULL, NULL, NULL, NULL),
('750c0d18-24fb-578b-51de-23e177779933', '3f8e6896-4c7d-15f5-a018-75d8bd200d7c', '507bbfcb-3bf9-738b-8cdd-867949feb8b5', 24, 3, NULL, NULL, NULL, NULL),
('7547886a-3cc3-19f7-8609-bf1378b8dc91', '3f8e6896-4c7d-15f5-a018-75d8bd200d7c', '298c1b06-20c9-3db3-b232-6a1673ffca7c', 24, 3, NULL, NULL, NULL, NULL),
('75493d42-7d63-4fa9-4ade-23e177779933', '3f8e6896-4c7d-15f5-a018-75d8bd200d7c', '238a5fc0-4bb3-17e5-8ddd-867949feb8b5', 24, 3, NULL, NULL, NULL, NULL),
('75541709-3f4a-4f20-87c0-08fd2f807219', '3f8e6896-4c7d-15f5-a018-75d8bd200d7c', '33851c36-6445-4680-23cb-66948daf6128', 24, 3, NULL, NULL, NULL, NULL),
('75e8312d-4736-1b97-49de-23e177779933', '3f8e6896-4c7d-15f5-a018-75d8bd200d7c', '31584a21-584a-7428-0d80-e8e2a817c80e', 24, 3, NULL, NULL, NULL, NULL),
('75ec6c1d-1e49-7b1c-8a09-bf1378b8dc91', '3f8e6896-4c7d-15f5-a018-75d8bd200d7c', '61a68ac1-3e74-5149-a290-67245e8b283e', 24, 3, NULL, NULL, NULL, NULL),
('765a8849-65a2-2ad9-a220-39c2f00615e8', '3f8e6896-4c7d-15f5-a018-75d8bd200d7c', '453b5c4b-7d14-117d-0418-7000f455f3d5', 24, 3, NULL, NULL, NULL, NULL),
('7679ed67-7f03-71df-61be-406293204378', '3f8e6896-4c7d-15f5-a018-75d8bd200d7c', '20d0b9f3-3e65-1639-9d7d-e8c757976496', 24, 3, NULL, NULL, NULL, NULL),
('768816a8-415c-1cf2-7e09-bf1378b8dc91', '3f8e6896-4c7d-15f5-a018-75d8bd200d7c', '3b65e6af-44c8-6e88-ad32-6a1673ffca7c', 24, 3, NULL, NULL, NULL, NULL),
('76ac5789-6eb7-18f0-83be-406293204378', '3f8e6896-4c7d-15f5-a018-75d8bd200d7c', '72802b75-2709-7a76-8392-08c864661f9c', 24, 3, NULL, NULL, NULL, NULL),
('76ad5511-22c1-35ae-ce20-39c2f00615e8', '3f8e6896-4c7d-15f5-a018-75d8bd200d7c', '4103f42d-1ebd-52dd-0f80-e8e2a817c80e', 24, 3, NULL, NULL, NULL, NULL),
('76c52404-6f1b-6b19-84be-406293204378', '3f8e6896-4c7d-15f5-a018-75d8bd200d7c', '60084fec-3509-2779-8432-6a1673ffca7c', 24, 3, NULL, NULL, NULL, NULL),
('77677125-3b3c-5560-3dcf-9712082ff6cb', '3f8e6896-4c7d-15f5-a018-75d8bd200d7c', '1bf8a43c-47fb-4d6c-1863-eeb1d8ed8cef', 24, 3, NULL, NULL, NULL, NULL),
('777df041-51a7-37b6-7509-bf1378b8dc91', '3f8e6896-4c7d-15f5-a018-75d8bd200d7c', '70253ec7-2e38-67a9-b1db-e5d54223c257', 24, 3, NULL, NULL, NULL, NULL),
('780d4a88-7745-3862-0184-196123975cb2', '3f8e6896-4c7d-15f5-a018-75d8bd200d7c', '4351f99e-6b55-4fb7-d2db-e5d54223c257', 24, 3, NULL, NULL, NULL, NULL),
('782665f6-489e-1247-1bcf-9712082ff6cb', '3f8e6896-4c7d-15f5-a018-75d8bd200d7c', '24db4fc4-13d0-293c-be90-67245e8b283e', 24, 3, NULL, NULL, NULL, NULL),
('78644667-7d24-3947-8b09-bf1378b8dc91', '3f8e6896-4c7d-15f5-a018-75d8bd200d7c', '6363f9c4-2478-3433-2018-7000f455f3d5', 24, 3, NULL, NULL, NULL, NULL),
('7898e862-3c27-27fd-b9d5-ba100c6f7bce', '3f8e6896-4c7d-15f5-a018-75d8bd200d7c', '3ce59559-28e3-40e4-1463-eeb1d8ed8cef', 24, 3, NULL, NULL, NULL, NULL),
('78fa7fa5-4534-391b-ca20-39c2f00615e8', '3f8e6896-4c7d-15f5-a018-75d8bd200d7c', '1f74cd3f-6de4-5324-0180-e8e2a817c80e', 24, 3, NULL, NULL, NULL, NULL),
('7909314b-37b3-1623-9d09-bf1378b8dc91', '3f8e6896-4c7d-15f5-a018-75d8bd200d7c', '239aed9c-3cda-1b2f-1980-e8e2a817c80e', 24, 3, NULL, NULL, NULL, NULL),
('790c6814-28f3-477f-50de-23e177779933', '3f8e6896-4c7d-15f5-a018-75d8bd200d7c', '7136099c-206b-1466-81dd-867949feb8b5', 24, 3, NULL, NULL, NULL, NULL),
('7972105d-19f8-150c-9709-bf1378b8dc91', '3f8e6896-4c7d-15f5-a018-75d8bd200d7c', '6cba2f79-4256-3aee-33cb-66948daf6128', 24, 3, NULL, NULL, NULL, NULL),
('79962adc-60be-1aa3-81be-406293204378', '3f8e6896-4c7d-15f5-a018-75d8bd200d7c', '4603fa72-437b-7701-3163-eeb1d8ed8cef', 24, 3, NULL, NULL, NULL, NULL),
('79bbb57f-6adf-180a-a5d5-ba100c6f7bce', '3f8e6896-4c7d-15f5-a018-75d8bd200d7c', '4b4ec052-4187-3965-1d18-7000f455f3d5', 24, 3, NULL, NULL, NULL, NULL),
('79da9aa9-7677-3219-91d5-ba100c6f7bce', '3f8e6896-4c7d-15f5-a018-75d8bd200d7c', '7623d42f-35f4-1ce5-987d-e8c757976496', 24, 3, NULL, NULL, NULL, NULL),
('79e5ce08-197b-6b8f-a2c0-08fd2f807219', '3f8e6896-4c7d-15f5-a018-75d8bd200d7c', '71c459c3-508d-1245-b6db-e5d54223c257', 24, 3, NULL, NULL, NULL, NULL),
('79eb5f69-5ee9-796b-5b29-a2925c0f334d', '3f8e6896-4c7d-15f5-a018-75d8bd200d7c', '3ef08d53-5bf3-1e97-9790-67245e8b283e', 24, 3, NULL, NULL, NULL, NULL),
('7aab5e86-48d1-3959-6729-a2925c0f334d', '3f8e6896-4c7d-15f5-a018-75d8bd200d7c', '48adb0bd-7040-1241-6e92-08c864661f9c', 24, 3, NULL, NULL, NULL, NULL),
('7ab54386-59c1-7a58-a70b-87ae14180c33', '3f8e6896-4c7d-15f5-a018-75d8bd200d7c', '5383e9af-2997-5da2-c27d-e8c757976496', 24, 3, NULL, NULL, NULL, NULL),
('7acc889b-3a41-31d1-7329-a2925c0f334d', '3f8e6896-4c7d-15f5-a018-75d8bd200d7c', '7abe18db-2b8a-5fcb-aedb-e5d54223c257', 24, 3, NULL, NULL, NULL, NULL),
('7afbde73-7267-7c6b-a720-39c2f00615e8', '3f8e6896-4c7d-15f5-a018-75d8bd200d7c', '6a4d99cd-242a-6200-7add-867949feb8b5', 24, 3, NULL, NULL, NULL, NULL),
('7b06b87f-1d8e-7045-ba20-39c2f00615e8', '3f8e6896-4c7d-15f5-a018-75d8bd200d7c', '16dbee65-247d-287a-ca7d-e8c757976496', 24, 3, NULL, NULL, NULL, NULL),
('7b0fa877-394a-6a5c-c620-39c2f00615e8', '3f8e6896-4c7d-15f5-a018-75d8bd200d7c', '1ded3dd7-32db-5bc9-9190-67245e8b283e', 24, 3, NULL, NULL, NULL, NULL),
('7b2691d2-2f11-17aa-41cf-9712082ff6cb', '3f8e6896-4c7d-15f5-a018-75d8bd200d7c', '7bcd01ed-133f-552e-8992-08c864661f9c', 24, 3, NULL, NULL, NULL, NULL),
('7b353b36-3996-4309-4e29-a2925c0f334d', '3f8e6896-4c7d-15f5-a018-75d8bd200d7c', '28d38d6a-5bdc-2297-d3db-e5d54223c257', 24, 3, NULL, NULL, NULL, NULL),
('7be350e8-54d2-60b1-9cc0-08fd2f807219', '3f8e6896-4c7d-15f5-a018-75d8bd200d7c', '25efaa0a-2220-4655-20cb-66948daf6128', 24, 3, NULL, NULL, NULL, NULL),
('7c8a1994-60bc-610c-9a09-bf1378b8dc91', '3f8e6896-4c7d-15f5-a018-75d8bd200d7c', '27f8b587-7b4c-665b-2380-e8e2a817c80e', 24, 3, NULL, NULL, NULL, NULL),
('7c94355d-4702-3a9b-5abe-406293204378', '3f8e6896-4c7d-15f5-a018-75d8bd200d7c', '5490f8c0-5e25-1923-9a32-6a1673ffca7c', 24, 3, NULL, NULL, NULL, NULL),
('7cd8b4b6-438c-5547-92d5-ba100c6f7bce', '3f8e6896-4c7d-15f5-a018-75d8bd200d7c', '52f674bb-7249-7b72-8b32-6a1673ffca7c', 24, 3, NULL, NULL, NULL, NULL),
('7d6bf0e6-5254-32fc-ce0b-87ae14180c33', '3f8e6896-4c7d-15f5-a018-75d8bd200d7c', '5383e9af-2997-5da2-c27d-e8c757976496', 24, 3, NULL, NULL, NULL, NULL),
('7d85be69-2fdf-5710-b50b-87ae14180c33', '3f8e6896-4c7d-15f5-a018-75d8bd200d7c', '739c88b1-3415-64b4-2c63-eeb1d8ed8cef', 24, 3, NULL, NULL, NULL, NULL),
('7d93df39-3dad-2701-b2d5-ba100c6f7bce', '3f8e6896-4c7d-15f5-a018-75d8bd200d7c', '674d5ce7-7f5f-2fd8-2f63-eeb1d8ed8cef', 24, 3, NULL, NULL, NULL, NULL),
('7dbd90f6-6015-12c6-4b29-a2925c0f334d', '3f8e6896-4c7d-15f5-a018-75d8bd200d7c', '6f2475a8-1ff5-13e7-0680-e8e2a817c80e', 24, 3, NULL, NULL, NULL, NULL),
('7e3d0b8b-126d-570c-85be-406293204378', '3f8e6896-4c7d-15f5-a018-75d8bd200d7c', '17bf02de-2b93-2829-29cb-66948daf6128', 24, 3, NULL, NULL, NULL, NULL),
('7e77e231-2785-2bd0-5d29-a2925c0f334d', '3f8e6896-4c7d-15f5-a018-75d8bd200d7c', '63e5930d-7510-3f65-7f92-08c864661f9c', 24, 3, NULL, NULL, NULL, NULL),
('7ecbf6e5-15cb-3313-8bbe-406293204378', '3f8e6896-4c7d-15f5-a018-75d8bd200d7c', '565bfd25-1bf1-3d0a-d8db-e5d54223c257', 24, 3, NULL, NULL, NULL, NULL),
('7f6282cd-3f90-34ad-b3c0-08fd2f807219', '3f8e6896-4c7d-15f5-a018-75d8bd200d7c', '4e15cd2d-2f00-196c-1e80-e8e2a817c80e', 24, 3, NULL, NULL, NULL, NULL),
('7f87c0c6-2f8d-40fa-cb20-39c2f00615e8', '3f8e6896-4c7d-15f5-a018-75d8bd200d7c', '6d407f3a-6c06-609b-1b18-7000f455f3d5', 24, 3, NULL, NULL, NULL, NULL),
('7fac2a57-38e1-543c-31cf-9712082ff6cb', '3f8e6896-4c7d-15f5-a018-75d8bd200d7c', '19ef72da-26d6-7e8c-3380-e8e2a817c80e', 24, 3, NULL, NULL, NULL, NULL),
('83532bae-bc8a-11ec-a6c2-6ee638634b4c', '3f8e6896-4c7d-15f5-a018-75d8bd200d7c', '8352e881-bc8a-11ec-a6c2-6ee638634b4c', 24, 3, NULL, '2022-04-15 14:05:49', NULL, NULL),
('89188af6-bc8b-11ec-a6c2-6ee638634b4c', '3f8e6896-4c7d-15f5-a018-75d8bd200d7c', '89081312-bc8b-11ec-a6c2-6ee638634b4c', 24, 3, NULL, '2022-04-15 14:13:08', NULL, NULL),
('917fb277-bca2-11ec-a6c2-6ee638634b4c', '3f8e6896-4c7d-15f5-a018-75d8bd200d7c', '916c50c1-bca2-11ec-a6c2-6ee638634b4c', 24, 3, NULL, '2022-04-15 16:58:01', NULL, NULL),
('99b98051-bf91-11ec-aae2-7a1b18277f06', '24f68892-bc8f-11ec-a6c2-6ee638634b4c', '0eb1d49b-beb6-11ec-a5ac-6bd8fc6506eb', 3, 3, NULL, '2022-04-19 10:34:15', NULL, NULL),
('99f1c701-bc8e-11ec-a6c2-6ee638634b4c', '3f8e6896-4c7d-15f5-a018-75d8bd200d7c', '9900465a-bc8e-11ec-a6c2-6ee638634b4c', 24, 3, NULL, '2022-04-15 14:35:05', NULL, NULL),
('a2315489-bc8e-11ec-a6c2-6ee638634b4c', '3f8e6896-4c7d-15f5-a018-75d8bd200d7c', 'a2311f41-bc8e-11ec-a6c2-6ee638634b4c', 24, 3, NULL, '2022-04-15 14:35:19', NULL, NULL),
('a78cdfdf-bc8d-11ec-a6c2-6ee638634b4c', '3f8e6896-4c7d-15f5-a018-75d8bd200d7c', 'a77997ac-bc8d-11ec-a6c2-6ee638634b4c', 24, 3, NULL, '2022-04-15 14:28:18', NULL, NULL),
('a8e07d86-bf86-11ec-aae2-7a1b18277f06', '24f68892-bc8f-11ec-a6c2-6ee638634b4c', '120d13fc-4255-5ea2-d6db-e5d54223c257', 10, 3, NULL, '2022-04-19 09:15:56', NULL, NULL),
('ac611ea5-bc8e-11ec-a6c2-6ee638634b4c', '3f8e6896-4c7d-15f5-a018-75d8bd200d7c', 'ac54863d-bc8e-11ec-a6c2-6ee638634b4c', 24, 3, NULL, '2022-04-15 14:35:36', NULL, NULL),
('b5a8d8dc-bf86-11ec-aae2-7a1b18277f06', '45ac3d26-18f2-18a9-3031-644313fbb055', '120d13fc-4255-5ea2-d6db-e5d54223c257', 1, 3, NULL, '2022-04-19 09:16:18', NULL, NULL),
('bdb477dd-bf93-11ec-aae2-7a1b18277f06', NULL, 'bdb09aee-bf93-11ec-aae2-7a1b18277f06', 0, 0, NULL, '2022-04-19 10:49:35', NULL, NULL),
('c02443da-bc8e-11ec-a6c2-6ee638634b4c', '3f8e6896-4c7d-15f5-a018-75d8bd200d7c', 'c023e303-bc8e-11ec-a6c2-6ee638634b4c', 24, 3, NULL, '2022-04-15 14:36:09', NULL, NULL),
('cf96d76d-bc8e-11ec-a6c2-6ee638634b4c', '3f8e6896-4c7d-15f5-a018-75d8bd200d7c', 'cf87b264-bc8e-11ec-a6c2-6ee638634b4c', 24, 3, NULL, '2022-04-15 14:36:35', NULL, NULL),
('d555b64d-bc8b-11ec-a6c2-6ee638634b4c', '3f8e6896-4c7d-15f5-a018-75d8bd200d7c', 'd554c532-bc8b-11ec-a6c2-6ee638634b4c', 30, 3, NULL, '2022-04-15 14:15:16', NULL, NULL),
('e1b1e054-bf92-11ec-aae2-7a1b18277f06', NULL, 'e1b16a1d-bf92-11ec-aae2-7a1b18277f06', 0, 0, NULL, '2022-04-19 10:43:26', NULL, NULL),
('fddd6ec1-bf8f-11ec-aae2-7a1b18277f06', '647a538e-630d-39cd-0144-e5a214c15aa7', '0eb1d49b-beb6-11ec-a5ac-6bd8fc6506eb', 24, 3, NULL, '2022-04-19 10:22:44', NULL, NULL);

-- 
-- Dumping data for table systemmasterdata
--
INSERT INTO systemmasterdata VALUES
('24f68892-bc8f-11ec-a6c2-6ee638634b4c', 'Vỉ', '26fe1532-7e63-6a11-1a8f-6354f958f4c0', NULL, '2022-04-15 14:38:58', NULL, NULL),
('26fe1532-7e63-6a11-1a8f-6354f958f4c0', 'Đơn vị tính', '', NULL, NULL, NULL, NULL),
('35e773ea-5d44-2dda-26a8-6d513e380bde', 'Chai', '26fe1532-7e63-6a11-1a8f-6354f958f4c0', NULL, NULL, NULL, NULL),
('3f8e6896-4c7d-15f5-a018-75d8bd200d7c', 'Thùng', '26fe1532-7e63-6a11-1a8f-6354f958f4c0', NULL, NULL, NULL, NULL),
('45ac3d26-18f2-18a9-3031-644313fbb055', 'Lon', '26fe1532-7e63-6a11-1a8f-6354f958f4c0', NULL, NULL, NULL, NULL),
('58a7e4eb-bc8c-11ec-a6c2-6ee638634b4c', 'Gói', '26fe1532-7e63-6a11-1a8f-6354f958f4c0', NULL, '2022-04-15 14:18:57', NULL, NULL),
('6420763d-bc8e-11ec-a6c2-6ee638634b4c', 'Kho Thái Bình', '6f45e010-3200-5943-27a8-6d513e380bde', NULL, '2022-04-15 14:33:35', NULL, NULL),
('642f8de3-bc8e-11ec-a6c2-6ee638634b4c', 'Kho Nam Định', '6f45e010-3200-5943-27a8-6d513e380bde', NULL, '2022-04-15 14:33:35', NULL, NULL),
('642f90ff-bc8e-11ec-a6c2-6ee638634b4c', 'Kho Đà Nẵng', '6f45e010-3200-5943-27a8-6d513e380bde', NULL, '2022-04-15 14:33:35', NULL, NULL),
('642f92a2-bc8e-11ec-a6c2-6ee638634b4c', 'Kho Quận 4', '6f45e010-3200-5943-27a8-6d513e380bde', NULL, '2022-04-15 14:33:35', NULL, NULL),
('642f93b9-bc8e-11ec-a6c2-6ee638634b4c', 'Kho Quận 9', '6f45e010-3200-5943-27a8-6d513e380bde', NULL, '2022-04-15 14:33:35', NULL, NULL),
('647a538e-630d-39cd-0144-e5a214c15aa7', 'Hộp', '26fe1532-7e63-6a11-1a8f-6354f958f4c0', NULL, NULL, NULL, NULL),
('6f45e010-3200-5943-27a8-6d513e380bde', 'Kho ngầm định', '', NULL, NULL, NULL, NULL),
('75cce5a6-4f7f-3671-3cf3-eb0223d0a4f7', 'Kho Nam Từ Liêm', '6f45e010-3200-5943-27a8-6d513e380bde', NULL, NULL, NULL, NULL),
('78aafe4a-67a7-2076-3bf3-eb0223d0a4f7', 'Kho Bắc Từ Liêm', '6f45e010-3200-5943-27a8-6d513e380bde', NULL, NULL, NULL, NULL),
('7c48a057-3c21-3db0-06a4-60fcae00630c', 'Kho Hải Phòng', '6f45e010-3200-5943-27a8-6d513e380bde', NULL, NULL, NULL, NULL),
('7c4f14d8-66fb-14ae-198f-6354f958f4c0', 'Kho Quảng Ninh', '6f45e010-3200-5943-27a8-6d513e380bde', NULL, NULL, NULL, NULL),
('9b91e1f8-bc8d-11ec-a6c2-6ee638634b4c', 'Ly', '26fe1532-7e63-6a11-1a8f-6354f958f4c0', NULL, '2022-04-15 14:27:58', NULL, NULL);

-- 
-- Dumping data for table number
--
INSERT INTO number VALUES
(0),
(1),
(2),
(3),
(4),
(5),
(6),
(7),
(8),
(9),
(10),
(11),
(12),
(13),
(14),
(15),
(16),
(17),
(18),
(19),
(20),
(21),
(22),
(23),
(24),
(25),
(26),
(27),
(28),
(29),
(30),
(31),
(32),
(33),
(34),
(35),
(36),
(37),
(38),
(39),
(40),
(41),
(42),
(43),
(44),
(45),
(46),
(47),
(48),
(49),
(50),
(51),
(52),
(53),
(54),
(55),
(56),
(57),
(58),
(59),
(60),
(61),
(62),
(63),
(64),
(65),
(66),
(67),
(68),
(69),
(70),
(71),
(72),
(73),
(74),
(75),
(76),
(77),
(78),
(79),
(80),
(81),
(82),
(83),
(84),
(85),
(86),
(87),
(88),
(89),
(90),
(91),
(92),
(93),
(94),
(95),
(96),
(97),
(98),
(99),
(100),
(101),
(102),
(103),
(104),
(105),
(106),
(107),
(108),
(109),
(110),
(111),
(112),
(113),
(114),
(115),
(116),
(117),
(118),
(119),
(120),
(121),
(122),
(123),
(124),
(125),
(126),
(127),
(128),
(129),
(130),
(131),
(132),
(133),
(134),
(135),
(136),
(137),
(138),
(139),
(140),
(141),
(142),
(143),
(144),
(145),
(146),
(147),
(148),
(149),
(150),
(151),
(152),
(153),
(154),
(155),
(156),
(157),
(158),
(159),
(160),
(161),
(162),
(163),
(164),
(165),
(166),
(167),
(168),
(169),
(170),
(171),
(172),
(173),
(174),
(175),
(176),
(177),
(178),
(179),
(180),
(181),
(182),
(183),
(184),
(185),
(186),
(187),
(188),
(189),
(190),
(191),
(192),
(193),
(194),
(195),
(196),
(197),
(198),
(199),
(200),
(201),
(202),
(203),
(204),
(205),
(206),
(207),
(208),
(209),
(210),
(211),
(212),
(213),
(214),
(215),
(216),
(217),
(218),
(219),
(220),
(221),
(222),
(223),
(224),
(225),
(226),
(227),
(228),
(229),
(230),
(231),
(232),
(233),
(234),
(235),
(236),
(237),
(238),
(239),
(240),
(241),
(242),
(243),
(244),
(245),
(246),
(247),
(248),
(249),
(250),
(251),
(252),
(253),
(254),
(255),
(256),
(257),
(258),
(259),
(260),
(261),
(262),
(263),
(264),
(265),
(266),
(267),
(268),
(269),
(270),
(271),
(272),
(273),
(274),
(275),
(276),
(277),
(278),
(279),
(280),
(281),
(282),
(283),
(284),
(285),
(286),
(287),
(288),
(289),
(290),
(291),
(292),
(293),
(294),
(295),
(296),
(297),
(298),
(299),
(300),
(301),
(302),
(303),
(304),
(305),
(306),
(307),
(308),
(309),
(310),
(311),
(312),
(313),
(314),
(315),
(316),
(317),
(318),
(319),
(320),
(321),
(322),
(323),
(324),
(325),
(326),
(327),
(328),
(329),
(330),
(331),
(332),
(333),
(334),
(335),
(336),
(337),
(338),
(339),
(340),
(341),
(342),
(343),
(344),
(345),
(346),
(347),
(348),
(349),
(350),
(351),
(352),
(353),
(354),
(355),
(356),
(357),
(358),
(359),
(360),
(361),
(362),
(363),
(364),
(365),
(366),
(367),
(368),
(369),
(370),
(371),
(372),
(373),
(374),
(375),
(376),
(377),
(378),
(379),
(380),
(381),
(382),
(383),
(384),
(385),
(386),
(387),
(388),
(389),
(390),
(391),
(392),
(393),
(394),
(395),
(396),
(397),
(398),
(399),
(400),
(401),
(402),
(403),
(404),
(405),
(406),
(407),
(408),
(409),
(410),
(411),
(412),
(413),
(414),
(415),
(416),
(417),
(418),
(419),
(420),
(421),
(422),
(423),
(424),
(425),
(426),
(427),
(428),
(429),
(430),
(431),
(432),
(433),
(434),
(435),
(436),
(437),
(438),
(439),
(440),
(441),
(442),
(443),
(444),
(445),
(446),
(447),
(448),
(449),
(450),
(451),
(452),
(453),
(454),
(455),
(456),
(457),
(458),
(459),
(460),
(461),
(462),
(463),
(464),
(465),
(466),
(467),
(468),
(469),
(470),
(471),
(472),
(473),
(474),
(475),
(476),
(477),
(478),
(479),
(480),
(481),
(482),
(483),
(484),
(485),
(486),
(487),
(488),
(489),
(490),
(491),
(492),
(493),
(494),
(495),
(496),
(497),
(498),
(499),
(500),
(501),
(502),
(503),
(504),
(505),
(506),
(507),
(508),
(509),
(510),
(511),
(512),
(513),
(514),
(515),
(516),
(517),
(518),
(519),
(520),
(521),
(522),
(523),
(524),
(525),
(526),
(527),
(528),
(529),
(530),
(531),
(532),
(533),
(534),
(535),
(536),
(537),
(538),
(539),
(540),
(541),
(542),
(543),
(544),
(545),
(546),
(547),
(548),
(549),
(550),
(551),
(552),
(553),
(554),
(555),
(556),
(557),
(558),
(559),
(560),
(561),
(562),
(563),
(564),
(565),
(566),
(567),
(568),
(569),
(570),
(571),
(572),
(573),
(574),
(575),
(576),
(577),
(578),
(579),
(580),
(581),
(582),
(583),
(584),
(585),
(586),
(587),
(588),
(589),
(590),
(591),
(592),
(593),
(594),
(595),
(596),
(597),
(598),
(599),
(600),
(601),
(602),
(603),
(604),
(605),
(606),
(607),
(608),
(609),
(610),
(611),
(612),
(613),
(614),
(615),
(616),
(617),
(618),
(619),
(620),
(621),
(622),
(623),
(624),
(625),
(626),
(627),
(628),
(629),
(630),
(631),
(632),
(633),
(634),
(635),
(636),
(637),
(638),
(639),
(640),
(641),
(642),
(643),
(644),
(645),
(646),
(647),
(648),
(649),
(650),
(651),
(652),
(653),
(654),
(655),
(656),
(657),
(658),
(659),
(660),
(661),
(662),
(663),
(664),
(665),
(666),
(667),
(668),
(669),
(670),
(671),
(672),
(673),
(674),
(675),
(676),
(677),
(678),
(679),
(680),
(681),
(682),
(683),
(684),
(685),
(686),
(687),
(688),
(689),
(690),
(691),
(692),
(693),
(694),
(695),
(696),
(697),
(698),
(699),
(700),
(701),
(702),
(703),
(704),
(705),
(706),
(707),
(708),
(709),
(710),
(711),
(712),
(713),
(714),
(715),
(716),
(717),
(718),
(719),
(720),
(721),
(722),
(723),
(724),
(725),
(726),
(727),
(728),
(729),
(730),
(731),
(732),
(733),
(734),
(735),
(736),
(737),
(738),
(739),
(740),
(741),
(742),
(743),
(744),
(745),
(746),
(747),
(748),
(749),
(750),
(751),
(752),
(753),
(754),
(755),
(756),
(757),
(758),
(759),
(760),
(761),
(762),
(763),
(764),
(765),
(766),
(767),
(768),
(769),
(770),
(771),
(772),
(773),
(774),
(775),
(776),
(777),
(778),
(779),
(780),
(781),
(782),
(783),
(784),
(785),
(786),
(787),
(788),
(789),
(790),
(791),
(792),
(793),
(794),
(795),
(796),
(797),
(798),
(799),
(800),
(801),
(802),
(803),
(804),
(805),
(806),
(807),
(808),
(809),
(810),
(811),
(812),
(813),
(814),
(815),
(816),
(817),
(818),
(819),
(820),
(821),
(822),
(823),
(824),
(825),
(826),
(827),
(828),
(829),
(830),
(831),
(832),
(833),
(834),
(835),
(836),
(837),
(838),
(839),
(840),
(841),
(842),
(843),
(844),
(845),
(846),
(847),
(848),
(849),
(850),
(851),
(852),
(853),
(854),
(855),
(856),
(857),
(858),
(859),
(860),
(861),
(862),
(863),
(864),
(865),
(866),
(867),
(868),
(869),
(870),
(871),
(872),
(873),
(874),
(875),
(876),
(877),
(878),
(879),
(880),
(881),
(882),
(883),
(884),
(885),
(886),
(887),
(888),
(889),
(890),
(891),
(892),
(893),
(894),
(895),
(896),
(897),
(898),
(899),
(900),
(901),
(902),
(903),
(904),
(905),
(906),
(907),
(908),
(909),
(910),
(911),
(912),
(913),
(914),
(915),
(916),
(917),
(918),
(919),
(920),
(921),
(922),
(923),
(924),
(925),
(926),
(927),
(928),
(929),
(930),
(931),
(932),
(933),
(934),
(935),
(936),
(937),
(938),
(939),
(940),
(941),
(942),
(943),
(944),
(945),
(946),
(947),
(948),
(949),
(950),
(951),
(952),
(953),
(954),
(955),
(956),
(957),
(958),
(959),
(960),
(961),
(962),
(963),
(964),
(965),
(966),
(967),
(968),
(969),
(970),
(971),
(972),
(973),
(974),
(975),
(976),
(977),
(978),
(979),
(980),
(981),
(982),
(983),
(984),
(985),
(986),
(987),
(988),
(989),
(990),
(991),
(992),
(993),
(994),
(995),
(996),
(997),
(998),
(999);

-- 
-- Restore previous SQL mode
-- 
/*!40101 SET SQL_MODE=@OLD_SQL_MODE */;

-- 
-- Enable foreign keys
-- 
/*!40014 SET FOREIGN_KEY_CHECKS = @OLD_FOREIGN_KEY_CHECKS */;